ID,林道名,関係市町村,地域,候補状態,優先度,行政計画,事業型,事業内容,整備延長等,利用区域ha,位置状態,緯度,経度,OSM一致,OSM道路種別,OSM路面,OSM tracktype,OSM way ID,未舗装手掛かり,通行可否,選定理由,注意点,取得元,位置情報源,参照URL,確認日
NGN-000001,東嶽,茅野市,南信,位置追加調査,C,茅野市森林整備計画,開設（新設）,"開設（新設） 5,000m","5,000m",104,位置未特定,,,なし,,,,,未確認,要確認,市森林整備計画で整備内容・延長・利用区域を確認。入口・代表点未特定。,通行可否・ゲート・路面は現地未確認。,茅野市「茅野市森林整備計画書」 https://www.city.chino.lg.jp/uploaded/attachment/28188.pdf,,https://www.city.chino.lg.jp/uploaded/attachment/28188.pdf,2026-07-10
NGN-000002,美濃戸,茅野市,南信,位置追加調査,C,茅野市森林整備計画,開設（新設）,"開設（新設） 5,000m","5,000m",497,位置未特定,,,なし,,,,,未確認,要確認,市森林整備計画で整備内容・延長・利用区域を確認。入口・代表点未特定。,通行可否・ゲート・路面は現地未確認。,茅野市「茅野市森林整備計画書」 https://www.city.chino.lg.jp/uploaded/attachment/28188.pdf,,https://www.city.chino.lg.jp/uploaded/attachment/28188.pdf,2026-07-10
NGN-000003,裏望岳,茅野市,南信,位置追加調査,C,茅野市森林整備計画,開設（新設）,"開設（新設） 3,300m","3,300m",243,位置未特定,,,なし,,,,,未確認,要確認,市森林整備計画で整備内容・延長・利用区域を確認。入口・代表点未特定。,通行可否・ゲート・路面は現地未確認。,茅野市「茅野市森林整備計画書」 https://www.city.chino.lg.jp/uploaded/attachment/28188.pdf,,https://www.city.chino.lg.jp/uploaded/attachment/28188.pdf,2026-07-10
NGN-000004,多々羅枝,茅野市,南信,位置追加調査,C,茅野市森林整備計画,開設（新設）,開設（新設） 600m,600m,10,位置未特定,,,なし,,,,,未確認,要確認,市森林整備計画で整備内容・延長・利用区域を確認。入口・代表点未特定。,通行可否・ゲート・路面は現地未確認。,茅野市「茅野市森林整備計画書」 https://www.city.chino.lg.jp/uploaded/attachment/28188.pdf,,https://www.city.chino.lg.jp/uploaded/attachment/28188.pdf,2026-07-10
NGN-000005,多々羅,茅野市,南信,位置追加調査,C,茅野市森林整備計画,開設（改築）,"開設（改築） 2,000m","2,000m",247,位置未特定,,,なし,,,,,未確認,要確認,市森林整備計画で整備内容・延長・利用区域を確認。入口・代表点未特定。,通行可否・ゲート・路面は現地未確認。,茅野市「茅野市森林整備計画書」 https://www.city.chino.lg.jp/uploaded/attachment/28188.pdf,,https://www.city.chino.lg.jp/uploaded/attachment/28188.pdf,2026-07-10
NGN-000006,坂室,茅野市,南信,舗装計画あり・優先度低,C,茅野市森林整備計画,拡張（舗装）,"拡張（舗装） 1,800m","1,800m",217,線形あり,35.9803993,138.1592387,なし,,,,,未確認,要確認,市森林整備計画で整備内容・延長・利用区域を確認。舗装計画記載のため未舗装候補としては低優先。,通行可否・ゲート・路面は現地未確認。計画記載は施工完了や現況を保証しない。,茅野市「茅野市森林整備計画書」 https://www.city.chino.lg.jp/uploaded/attachment/28188.pdf,OpenStreetMap way name match: 坂室バイパス (way 92624025),https://www.city.chino.lg.jp/uploaded/attachment/28188.pdf,2026-07-10
NGN-000007,天皇林支,茅野市,南信,位置追加調査,C,茅野市森林整備計画,拡張（改良）・法面保全,拡張（改良）・法面保全 600m・10箇所,600m・10箇所,130,位置未特定,,,なし,,,,,未確認,要確認,市森林整備計画で整備内容・延長・利用区域を確認。入口・代表点未特定。,通行可否・ゲート・路面は現地未確認。,茅野市「茅野市森林整備計画書」 https://www.city.chino.lg.jp/uploaded/attachment/28188.pdf,,https://www.city.chino.lg.jp/uploaded/attachment/28188.pdf,2026-07-10
NGN-000008,大沢山,茅野市,南信,位置追加調査,C,茅野市森林整備計画,拡張（改良）・局部改良,"拡張（改良）・局部改良 1,000m・5箇所","1,000m・5箇所",168,位置未特定,,,なし,,,,,未確認,要確認,市森林整備計画で整備内容・延長・利用区域を確認。入口・代表点未特定。,通行可否・ゲート・路面は現地未確認。,茅野市「茅野市森林整備計画書」 https://www.city.chino.lg.jp/uploaded/attachment/28188.pdf,,https://www.city.chino.lg.jp/uploaded/attachment/28188.pdf,2026-07-10
NGN-000009,高部,茅野市,南信,位置追加調査,C,茅野市森林整備計画,拡張（改良）・局部改良,拡張（改良）・局部改良 150m・3箇所,150m・3箇所,59,代表点あり,35.9948235,138.1279433,なし,,,,,未確認,要確認,市森林整備計画で整備内容・延長・利用区域を確認。,通行可否・ゲート・路面は現地未確認。,茅野市「茅野市森林整備計画書」 https://www.city.chino.lg.jp/uploaded/attachment/28188.pdf,OpenStreetMap Nominatim: 高部; 茅野市内の地名代表点,https://www.city.chino.lg.jp/uploaded/attachment/28188.pdf,2026-07-10
NGN-000010,猿ヶ入,茅野市,南信,次点候補,B,茅野市森林整備計画,拡張（改良）・局部改良,拡張（改良）・局部改良 50m・1箇所,50m・1箇所,67,線形あり,35.9482940,138.1542560,あり,track,,grade2,146988886,強,要確認,市森林整備計画で整備内容・延長・利用区域を確認。OSM名前一致を市町村境界で確認。trackまたは未舗装系タグあり。,通行可否・ゲート・路面は現地未確認。,茅野市「茅野市森林整備計画書」 https://www.city.chino.lg.jp/uploaded/attachment/28188.pdf,OpenStreetMap way name match: 林道猿ヶ入線 (way 146988886),https://www.city.chino.lg.jp/uploaded/attachment/28188.pdf,2026-07-10
NGN-000011,棚嵐線,諏訪市,南信,位置追加調査,C,諏訪市森林整備計画,開設,"開設 3,300m","3,300m",106,代表点あり,35.9908150,138.1307040,なし,,,,,未確認,要確認,市森林整備計画で整備内容・延長・利用区域を確認。,通行可否・ゲート・路面は現地未確認。,諏訪市「諏訪市森林整備計画 変更計画書」 https://www.city.suwa.lg.jp/uploaded/life/74090_150401_misc.pdf,諏訪市森林整備計画 1/7 概要図 ①から代表点を採取,https://www.city.suwa.lg.jp/uploaded/life/74090_150401_misc.pdf,2026-07-10
NGN-000012,赤ジッコ線,諏訪市,南信,位置追加調査,C,諏訪市森林整備計画,拡張（改良）・法面保全,"拡張（改良）・法面保全 1,000m・10箇所","1,000m・10箇所",197,代表点あり,35.9519610,138.0599670,なし,,,,,未確認,要確認,市森林整備計画で整備内容・延長・利用区域を確認。,通行可否・ゲート・路面は現地未確認。,諏訪市「諏訪市森林整備計画 変更計画書」 https://www.city.suwa.lg.jp/uploaded/life/74090_150401_misc.pdf,諏訪市森林整備計画 1/7 概要図 ②から代表点を採取,https://www.city.suwa.lg.jp/uploaded/life/74090_150401_misc.pdf,2026-07-10
NGN-000013,扇平南峠線,諏訪市,南信,舗装計画あり・優先度低,C,諏訪市森林整備計画,拡張（改良・舗装）,"拡張（改良・舗装） 改良200m・2箇所／舗装1,000m","改良200m・2箇所／舗装1,000m",125,線形あり,36.0899680,138.1772840,なし,,,,,未確認,要確認,市森林整備計画で整備内容・延長・利用区域を確認。舗装計画記載のため未舗装候補としては低優先。,通行可否・ゲート・路面は現地未確認。計画記載は施工完了や現況を保証しない。,諏訪市「諏訪市森林整備計画 変更計画書」 https://www.city.suwa.lg.jp/uploaded/life/74090_150401_misc.pdf,諏訪市森林整備計画 1/7 概要図 ③/⑦から代表点を採取,https://www.city.suwa.lg.jp/uploaded/life/74090_150401_misc.pdf,2026-07-10
NGN-000014,付上線,諏訪市,南信,位置追加調査,C,諏訪市森林整備計画,拡張（改良）・局部改良,拡張（改良）・局部改良 60m・2箇所,60m・2箇所,68,代表点あり,35.9600350,138.0675460,なし,,,,,未確認,要確認,市森林整備計画で整備内容・延長・利用区域を確認。,通行可否・ゲート・路面は現地未確認。,諏訪市「諏訪市森林整備計画 変更計画書」 https://www.city.suwa.lg.jp/uploaded/life/74090_150401_misc.pdf,諏訪市森林整備計画 1/7 概要図 ⑧から代表点を採取,https://www.city.suwa.lg.jp/uploaded/life/74090_150401_misc.pdf,2026-07-10
NGN-000015,科ノ木線,諏訪市,南信,舗装計画あり・優先度低,C,諏訪市森林整備計画,拡張（舗装）,"拡張（舗装） 2,500m","2,500m",103,代表点あり,36.1136840,138.1894420,なし,,,,,未確認,要確認,市森林整備計画で整備内容・延長・利用区域を確認。舗装計画記載のため未舗装候補としては低優先。,通行可否・ゲート・路面は現地未確認。計画記載は施工完了や現況を保証しない。,諏訪市「諏訪市森林整備計画 変更計画書」 https://www.city.suwa.lg.jp/uploaded/life/74090_150401_misc.pdf,諏訪市森林整備計画 1/7 概要図 ④から代表点を採取,https://www.city.suwa.lg.jp/uploaded/life/74090_150401_misc.pdf,2026-07-10
NGN-000016,日向入山線,諏訪市,南信,舗装計画あり・優先度低,C,諏訪市森林整備計画,拡張（舗装）,"拡張（舗装） 2,000m","2,000m",315,代表点あり,35.9489330,138.0871250,なし,,,,,未確認,要確認,市森林整備計画で整備内容・延長・利用区域を確認。舗装計画記載のため未舗装候補としては低優先。,通行可否・ゲート・路面は現地未確認。計画記載は施工完了や現況を保証しない。,諏訪市「諏訪市森林整備計画 変更計画書」 https://www.city.suwa.lg.jp/uploaded/life/74090_150401_misc.pdf,諏訪市森林整備計画 1/7 概要図 ⑤から代表点を採取,https://www.city.suwa.lg.jp/uploaded/life/74090_150401_misc.pdf,2026-07-10
NGN-000017,上後２号線,諏訪市,南信,舗装計画あり・優先度低,C,諏訪市森林整備計画,拡張（舗装）,"拡張（舗装） 1,500m","1,500m",34,代表点あり,35.9933380,138.0640720,なし,,,,,未確認,要確認,市森林整備計画で整備内容・延長・利用区域を確認。舗装計画記載のため未舗装候補としては低優先。,通行可否・ゲート・路面は現地未確認。計画記載は施工完了や現況を保証しない。,諏訪市「諏訪市森林整備計画 変更計画書」 https://www.city.suwa.lg.jp/uploaded/life/74090_150401_misc.pdf,諏訪市森林整備計画 1/7 概要図 ⑥から代表点を採取,https://www.city.suwa.lg.jp/uploaded/life/74090_150401_misc.pdf,2026-07-10
NGN-000018,鹿曲川線,佐久市,東信,行政履歴確認済み,D,R2-R6第2回変更,,,,,位置未特定,,,なし,,,,,未確認,要確認,入口・代表点未特定。,通行可否・ゲート・路面は現地未確認。,長野県「農山漁村地域整備計画の変更（第2回）」 https://www.pref.nagano.lg.jp/ringyo/documents/2022_01keikaku.pdf,,長野県「農山漁村地域整備計画の変更（第2回）」 https://www.pref.nagano.lg.jp/ringyo/documents/2022_01keikaku.pdf,2026-07-10
NGN-000019,山口沢線,佐久市,東信,行政履歴確認済み,D,R2-R6第2回変更,,,,,位置未特定,,,なし,,,,,未確認,要確認,入口・代表点未特定。,通行可否・ゲート・路面は現地未確認。,長野県「農山漁村地域整備計画の変更（第2回）」 https://www.pref.nagano.lg.jp/ringyo/documents/2022_01keikaku.pdf,,長野県「農山漁村地域整備計画の変更（第2回）」 https://www.pref.nagano.lg.jp/ringyo/documents/2022_01keikaku.pdf,2026-07-10
NGN-000020,八ヶ岳線,南牧村,東信,位置追加調査,C,R7-R11,林道改良事業,林道改良事業（改良L=150ｍ）,,,位置未特定,,,なし,,,,,未確認,要確認,長野県R7-R11計画掲載。入口・代表点未特定。,通行可否・ゲート・路面は現地未確認。,長野県「農山漁村地域整備計画の変更（第2回）」 https://www.pref.nagano.lg.jp/ringyo/documents/2022_01keikaku.pdf,,https://www.pref.nagano.lg.jp/ringyo/documents/sinkeikaku2025.pdf,2026-07-10
NGN-000021,横河山線,岡谷市,南信,次点候補,B,R7-R11,林道点検診断・保全整備事業,点検診断・保全整備（点検診断L=63m）,,,OSM名前一致代表点,36.1225085,138.0564630,あり,track,,,142724564/142724792,中,要確認,長野県R7-R11計画掲載。OSM名前一致を市町村境界で確認。,通行可否・ゲート・路面は現地未確認。,長野県「農山漁村地域整備計画の変更（第2回）」 https://www.pref.nagano.lg.jp/ringyo/documents/2022_01keikaku.pdf | 長野県「農山漁村地域整備計画（R2-R6）」 https://www.pref.nagano.lg.jp/ringyo/documents/nousangyosonchikiseibikeikakur2~r6.pdf,OpenStreetMap way 142724564（名前一致・市町村境界確認済み）,https://www.pref.nagano.lg.jp/ringyo/documents/sinkeikaku2025.pdf,2026-07-10
NGN-000022,砥沢線,下諏訪町,南信,行政履歴確認済み,D,R2-R6／R2-R6第2回変更,,,,,位置未特定,,,なし,,,,,未確認,要確認,入口・代表点未特定。,通行可否・ゲート・路面は現地未確認。,長野県「農山漁村地域整備計画の変更（第2回）」 https://www.pref.nagano.lg.jp/ringyo/documents/2022_01keikaku.pdf | 長野県「農山漁村地域整備計画（R2-R6）」 https://www.pref.nagano.lg.jp/ringyo/documents/nousangyosonchikiseibikeikakur2~r6.pdf,,長野県「農山漁村地域整備計画の変更（第2回）」 https://www.pref.nagano.lg.jp/ringyo/documents/2022_01keikaku.pdf | 長野県「農山漁村地域整備計画（R2-R6）」 https://www.pref.nagano.lg.jp/ringyo/documents/nousangyosonchikiseibikeikakur2~r6.pdf,2026-07-10
NGN-000023,南アルプス線,伊那市,南信,位置追加調査,C,R7-R11,林道改良事業,林道改良事業（改良L=151ｍ）,,,位置未特定,,,なし,,,,,未確認,要確認,長野県R7-R11計画掲載。入口・代表点未特定。,通行可否・ゲート・路面は現地未確認。,長野県「農山漁村地域整備計画の変更（第2回）」 https://www.pref.nagano.lg.jp/ringyo/documents/2022_01keikaku.pdf | 長野県「農山漁村地域整備計画 第2回変更（H27-H31）」 https://www.pref.nagano.lg.jp/ringyo/documents/henkou2.pdf | 長野県「農山漁村地域整備計画（H27-H31）」 https://www.pref.nagano.lg.jp/ringyo/documents/keikaku01.pdf | 長野県「農山漁村地域整備計画（H22-H26）」 https://www.pref.nagano.lg.jp/ringyo/documents/kyukeikaku.pdf,,https://www.pref.nagano.lg.jp/ringyo/documents/sinkeikaku2025.pdf,2026-07-10
NGN-000024,日影入線,伊那市,南信,位置追加調査,C,R7-R11,林道改良事業,林道改良事業（改良L=32ｍ）,,,位置未特定,,,なし,,,,,未確認,要確認,長野県R7-R11計画掲載。入口・代表点未特定。,通行可否・ゲート・路面は現地未確認。,長野県「農山漁村地域整備計画の変更（第2回）」 https://www.pref.nagano.lg.jp/ringyo/documents/2022_01keikaku.pdf | 長野県「農山漁村地域整備計画（R2-R6）」 https://www.pref.nagano.lg.jp/ringyo/documents/nousangyosonchikiseibikeikakur2~r6.pdf,,https://www.pref.nagano.lg.jp/ringyo/documents/sinkeikaku2025.pdf,2026-07-10
NGN-000025,千代田湖枯木線,伊那市,南信,行政履歴確認済み,D,H22-H26／H27-H31／H27-H31第2回変更／R2-R6／R2-R6第2回変更,,,,,位置未特定,,,なし,,,,,未確認,要確認,入口・代表点未特定。,通行可否・ゲート・路面は現地未確認。,長野県「農山漁村地域整備計画の変更（第2回）」 https://www.pref.nagano.lg.jp/ringyo/documents/2022_01keikaku.pdf | 長野県「農山漁村地域整備計画 第2回変更（H27-H31）」 https://www.pref.nagano.lg.jp/ringyo/documents/henkou2.pdf | 長野県「農山漁村地域整備計画（H27-H31）」 https://www.pref.nagano.lg.jp/ringyo/documents/keikaku01.pdf | 長野県「農山漁村地域整備計画（H22-H26）」 https://www.pref.nagano.lg.jp/ringyo/documents/kyukeikaku.pdf,,長野県「農山漁村地域整備計画の変更（第2回）」 https://www.pref.nagano.lg.jp/ringyo/documents/2022_01keikaku.pdf | 長野県「農山漁村地域整備計画 第2回変更（H27-H31）」 https://www.pref.nagano.lg.jp/ringyo/documents/henkou2.pdf | 長野県「農山漁村地域整備計画（H27-H31）」 https://www.pref.nagano.lg.jp/ringyo/documents/keikaku01.pdf | 長野県「農山漁村地域整備計画（H22-H26）」 https://www.pref.nagano.lg.jp/ringyo/documents/kyukeikaku.pdf,2026-07-10
NGN-000026,古城線,駒ヶ根市,南信,全県有力候補,A,R7-R11,林道改良事業,林道改良事業（改良L=150ｍ）,,,OSM名前一致代表点,35.7335365,137.8829482,あり,unclassified,compacted,,99144102/146992570,強,要確認,長野県R7-R11計画掲載。OSM名前一致を市町村境界で確認。trackまたは未舗装系タグあり。,通行可否・ゲート・路面は現地未確認。,長野県「農山漁村地域整備計画の変更（第2回）」 https://www.pref.nagano.lg.jp/ringyo/documents/2022_01keikaku.pdf | 長野県「農山漁村地域整備計画（R2-R6）」 https://www.pref.nagano.lg.jp/ringyo/documents/nousangyosonchikiseibikeikakur2~r6.pdf | 長野県「農山漁村地域整備計画 第2回変更（H27-H31）」 https://www.pref.nagano.lg.jp/ringyo/documents/henkou2.pdf | 長野県「農山漁村地域整備計画（H27-H31）」 https://www.pref.nagano.lg.jp/ringyo/documents/keikaku01.pdf | 長野県「農山漁村地域整備計画（H22-H26）」 https://www.pref.nagano.lg.jp/ringyo/documents/kyukeikaku.pdf,OpenStreetMap way 99144102（名前一致・市町村境界確認済み）,https://www.pref.nagano.lg.jp/ringyo/documents/sinkeikaku2025.pdf,2026-07-10
NGN-000027,宮ノ沢線,飯島町,南信,行政履歴確認済み,D,R2-R6／R2-R6第2回変更,,,,,位置未特定,,,なし,,,,,未確認,要確認,入口・代表点未特定。,通行可否・ゲート・路面は現地未確認。,長野県「農山漁村地域整備計画の変更（第2回）」 https://www.pref.nagano.lg.jp/ringyo/documents/2022_01keikaku.pdf | 長野県「農山漁村地域整備計画（R2-R6）」 https://www.pref.nagano.lg.jp/ringyo/documents/nousangyosonchikiseibikeikakur2~r6.pdf,,長野県「農山漁村地域整備計画の変更（第2回）」 https://www.pref.nagano.lg.jp/ringyo/documents/2022_01keikaku.pdf | 長野県「農山漁村地域整備計画（R2-R6）」 https://www.pref.nagano.lg.jp/ringyo/documents/nousangyosonchikiseibikeikakur2~r6.pdf,2026-07-10
NGN-000028,不動滝線,高森町,南信,行政履歴確認済み,D,R2-R6／R2-R6第2回変更,,,,,位置未特定,,,なし,,,,,未確認,要確認,入口・代表点未特定。,通行可否・ゲート・路面は現地未確認。,長野県「農山漁村地域整備計画の変更（第2回）」 https://www.pref.nagano.lg.jp/ringyo/documents/2022_01keikaku.pdf | 長野県「農山漁村地域整備計画（R2-R6）」 https://www.pref.nagano.lg.jp/ringyo/documents/nousangyosonchikiseibikeikakur2~r6.pdf,,長野県「農山漁村地域整備計画の変更（第2回）」 https://www.pref.nagano.lg.jp/ringyo/documents/2022_01keikaku.pdf | 長野県「農山漁村地域整備計画（R2-R6）」 https://www.pref.nagano.lg.jp/ringyo/documents/nousangyosonchikiseibikeikakur2~r6.pdf,2026-07-10
NGN-000029,二又沢線,高森町,南信,行政履歴確認済み,D,R2-R6／R2-R6第2回変更,,,,,位置未特定,,,なし,,,,,未確認,要確認,入口・代表点未特定。,通行可否・ゲート・路面は現地未確認。,長野県「農山漁村地域整備計画の変更（第2回）」 https://www.pref.nagano.lg.jp/ringyo/documents/2022_01keikaku.pdf | 長野県「農山漁村地域整備計画（R2-R6）」 https://www.pref.nagano.lg.jp/ringyo/documents/nousangyosonchikiseibikeikakur2~r6.pdf,,長野県「農山漁村地域整備計画の変更（第2回）」 https://www.pref.nagano.lg.jp/ringyo/documents/2022_01keikaku.pdf | 長野県「農山漁村地域整備計画（R2-R6）」 https://www.pref.nagano.lg.jp/ringyo/documents/nousangyosonchikiseibikeikakur2~r6.pdf,2026-07-10
NGN-000030,売木うつぼ線,阿南町,南信,次点候補,B,R7-R11,林道点検診断・保全整備事業,点検診断・保全整備（点検診断L=218m）,,,OSM名前一致代表点,35.3267000,137.6763188,あり,unclassified,,,122676683/122703351/122703885/122704320/122730483,中,要確認,長野県R7-R11計画掲載。OSM名前一致を市町村境界で確認。,通行可否・ゲート・路面は現地未確認。同名OSM 1件は市町村不一致で除外。,長野県「農山漁村地域整備計画の変更（第2回）」 https://www.pref.nagano.lg.jp/ringyo/documents/2022_01keikaku.pdf | 長野県「農山漁村地域整備計画（H22-H26）」 https://www.pref.nagano.lg.jp/ringyo/documents/kyukeikaku.pdf,OpenStreetMap way 122676683（名前一致・市町村境界確認済み）,https://www.pref.nagano.lg.jp/ringyo/documents/sinkeikaku2025.pdf,2026-07-10
NGN-000031,大久那線,阿南町,南信,行政履歴確認済み,D,R2-R6／R2-R6第2回変更,,,,,位置未特定,,,なし,,,,,未確認,要確認,入口・代表点未特定。,通行可否・ゲート・路面は現地未確認。,長野県「農山漁村地域整備計画の変更（第2回）」 https://www.pref.nagano.lg.jp/ringyo/documents/2022_01keikaku.pdf | 長野県「農山漁村地域整備計画（R2-R6）」 https://www.pref.nagano.lg.jp/ringyo/documents/nousangyosonchikiseibikeikakur2~r6.pdf,,長野県「農山漁村地域整備計画の変更（第2回）」 https://www.pref.nagano.lg.jp/ringyo/documents/2022_01keikaku.pdf | 長野県「農山漁村地域整備計画（R2-R6）」 https://www.pref.nagano.lg.jp/ringyo/documents/nousangyosonchikiseibikeikakur2~r6.pdf,2026-07-10
NGN-000032,門原線,阿南町,南信,行政履歴確認済み,D,R2-R6／R2-R6第2回変更,,,,,位置未特定,,,なし,,,,,未確認,要確認,入口・代表点未特定。,通行可否・ゲート・路面は現地未確認。,長野県「農山漁村地域整備計画の変更（第2回）」 https://www.pref.nagano.lg.jp/ringyo/documents/2022_01keikaku.pdf | 長野県「農山漁村地域整備計画（R2-R6）」 https://www.pref.nagano.lg.jp/ringyo/documents/nousangyosonchikiseibikeikakur2~r6.pdf,,長野県「農山漁村地域整備計画の変更（第2回）」 https://www.pref.nagano.lg.jp/ringyo/documents/2022_01keikaku.pdf | 長野県「農山漁村地域整備計画（R2-R6）」 https://www.pref.nagano.lg.jp/ringyo/documents/nousangyosonchikiseibikeikakur2~r6.pdf,2026-07-10
NGN-000033,本洞線,木曽町,中信,位置追加調査,C,R7-R11,林道改良事業,林道改良事業（改良L=83ｍ）,,,位置未特定,,,なし,,,,,未確認,要確認,長野県R7-R11計画掲載。入口・代表点未特定。,通行可否・ゲート・路面は現地未確認。同名OSM 2件は市町村不一致で除外。,長野県「農山漁村地域整備計画の変更（第2回）」 https://www.pref.nagano.lg.jp/ringyo/documents/2022_01keikaku.pdf | 長野県「農山漁村地域整備計画（R2-R6）」 https://www.pref.nagano.lg.jp/ringyo/documents/nousangyosonchikiseibikeikakur2~r6.pdf,,https://www.pref.nagano.lg.jp/ringyo/documents/sinkeikaku2025.pdf,2026-07-10
NGN-000034,大恵曽線,泰阜村,南信,行政履歴確認済み,D,R2-R6／R2-R6第2回変更,,,,,位置未特定,,,なし,,,,,未確認,要確認,入口・代表点未特定。,通行可否・ゲート・路面は現地未確認。,長野県「農山漁村地域整備計画の変更（第2回）」 https://www.pref.nagano.lg.jp/ringyo/documents/2022_01keikaku.pdf | 長野県「農山漁村地域整備計画（R2-R6）」 https://www.pref.nagano.lg.jp/ringyo/documents/nousangyosonchikiseibikeikakur2~r6.pdf,,長野県「農山漁村地域整備計画の変更（第2回）」 https://www.pref.nagano.lg.jp/ringyo/documents/2022_01keikaku.pdf | 長野県「農山漁村地域整備計画（R2-R6）」 https://www.pref.nagano.lg.jp/ringyo/documents/nousangyosonchikiseibikeikakur2~r6.pdf,2026-07-10
NGN-000035,川端線,泰阜村,南信,行政履歴確認済み,D,R2-R6／R2-R6第2回変更,,,,,位置未特定,,,なし,,,,,未確認,要確認,入口・代表点未特定。,通行可否・ゲート・路面は現地未確認。,長野県「農山漁村地域整備計画の変更（第2回）」 https://www.pref.nagano.lg.jp/ringyo/documents/2022_01keikaku.pdf | 長野県「農山漁村地域整備計画（R2-R6）」 https://www.pref.nagano.lg.jp/ringyo/documents/nousangyosonchikiseibikeikakur2~r6.pdf,,長野県「農山漁村地域整備計画の変更（第2回）」 https://www.pref.nagano.lg.jp/ringyo/documents/2022_01keikaku.pdf | 長野県「農山漁村地域整備計画（R2-R6）」 https://www.pref.nagano.lg.jp/ringyo/documents/nousangyosonchikiseibikeikakur2~r6.pdf,2026-07-10
NGN-000036,赤石線,飯田市,南信,次点候補,B,R7-R11,林道点検診断・保全整備事業,点検診断・保全整備（点検診断L=570m）,,,OSM名前一致代表点,35.3554925,137.9650572,あり,unclassified,,,151804778/151804861/151941364/151941450/151941536/151941621,中,要確認,長野県R7-R11計画掲載。OSM名前一致を市町村境界で確認。,通行可否・ゲート・路面は現地未確認。,長野県「農山漁村地域整備計画の変更（第2回）」 https://www.pref.nagano.lg.jp/ringyo/documents/2022_01keikaku.pdf | 長野県「農山漁村地域整備計画（H22-H26）」 https://www.pref.nagano.lg.jp/ringyo/documents/kyukeikaku.pdf,OpenStreetMap way 151804778（名前一致・市町村境界確認済み）,https://www.pref.nagano.lg.jp/ringyo/documents/sinkeikaku2025.pdf,2026-07-10
NGN-000037,御池山線,飯田市,南信,位置追加調査,C,R7-R11,林道改良事業,林道改良事業（改良L=60ｍ）,,,位置未特定,,,なし,,,,,未確認,要確認,長野県R7-R11計画掲載。入口・代表点未特定。,通行可否・ゲート・路面は現地未確認。,長野県「農山漁村地域整備計画の変更（第2回）」 https://www.pref.nagano.lg.jp/ringyo/documents/2022_01keikaku.pdf | 長野県「農山漁村地域整備計画（H22-H26）」 https://www.pref.nagano.lg.jp/ringyo/documents/kyukeikaku.pdf,,https://www.pref.nagano.lg.jp/ringyo/documents/sinkeikaku2025.pdf,2026-07-10
NGN-000038,弓の又線,阿智村,南信,次点候補,B,R7-R11,林道点検診断・保全整備事業,点検診断・保全整備（点検診断L=336m）,,,OSM名前一致代表点,35.4422567,137.6657661,あり,unclassified,,,112753991,中,要確認,長野県R7-R11計画掲載。OSM名前一致を市町村境界で確認。,通行可否・ゲート・路面は現地未確認。,長野県「農山漁村地域整備計画の変更（第2回）」 https://www.pref.nagano.lg.jp/ringyo/documents/2022_01keikaku.pdf,OpenStreetMap way 112753991（名前一致・市町村境界確認済み）,https://www.pref.nagano.lg.jp/ringyo/documents/sinkeikaku2025.pdf,2026-07-10
NGN-000039,野尻与川線,大桑村,中信,位置追加調査,C,R7-R11,林道改良事業,林道改良事業（改良L=5ｍ）,,,位置未特定,,,なし,,,,,未確認,要確認,長野県R7-R11計画掲載。入口・代表点未特定。,通行可否・ゲート・路面は現地未確認。,長野県「農山漁村地域整備計画の変更（第2回）」 https://www.pref.nagano.lg.jp/ringyo/documents/2022_01keikaku.pdf,,https://www.pref.nagano.lg.jp/ringyo/documents/sinkeikaku2025.pdf,2026-07-10
NGN-000040,美ヶ原線,松本市,中信,行政履歴確認済み,D,H27-H31／H27-H31第2回変更／R2-R6／R2-R6第2回変更,,,,,位置未特定,,,なし,,,,,未確認,要確認,入口・代表点未特定。,通行可否・ゲート・路面は現地未確認。,長野県「農山漁村地域整備計画の変更（第2回）」 https://www.pref.nagano.lg.jp/ringyo/documents/2022_01keikaku.pdf | 長野県「農山漁村地域整備計画（R2-R6）」 https://www.pref.nagano.lg.jp/ringyo/documents/nousangyosonchikiseibikeikakur2~r6.pdf | 長野県「農山漁村地域整備計画 第2回変更（H27-H31）」 https://www.pref.nagano.lg.jp/ringyo/documents/henkou2.pdf | 長野県「農山漁村地域整備計画（H27-H31）」 https://www.pref.nagano.lg.jp/ringyo/documents/keikaku01.pdf,,長野県「農山漁村地域整備計画の変更（第2回）」 https://www.pref.nagano.lg.jp/ringyo/documents/2022_01keikaku.pdf | 長野県「農山漁村地域整備計画（R2-R6）」 https://www.pref.nagano.lg.jp/ringyo/documents/nousangyosonchikiseibikeikakur2~r6.pdf | 長野県「農山漁村地域整備計画 第2回変更（H27-H31）」 https://www.pref.nagano.lg.jp/ringyo/documents/henkou2.pdf | 長野県「農山漁村地域整備計画（H27-H31）」 https://www.pref.nagano.lg.jp/ringyo/documents/keikaku01.pdf,2026-07-10
NGN-000041,宮ノ入線,松本市,中信,次点候補,B,R7-R11,林道改良事業,林道改良事業（改良L=545ｍ）,,,OSM名前一致代表点,36.1873285,138.0444326,あり,track/unclassified,,grade1,150698933/150699179/971249083/971249084/1268579004,中,要確認,長野県R7-R11計画掲載。OSM名前一致を市町村境界で確認。,通行可否・ゲート・路面は現地未確認。,長野県「農山漁村地域整備計画の変更（第2回）」 https://www.pref.nagano.lg.jp/ringyo/documents/2022_01keikaku.pdf | 長野県「農山漁村地域整備計画（R2-R6）」 https://www.pref.nagano.lg.jp/ringyo/documents/nousangyosonchikiseibikeikakur2~r6.pdf,OpenStreetMap way 150698933（名前一致・市町村境界確認済み）,https://www.pref.nagano.lg.jp/ringyo/documents/sinkeikaku2025.pdf,2026-07-10
NGN-000042,奈川安曇線,松本市,中信,行政履歴確認済み,D,H27-H31／H27-H31第2回変更／R2-R6／R2-R6第2回変更,,,,,位置未特定,,,なし,,,,,未確認,要確認,入口・代表点未特定。,通行可否・ゲート・路面は現地未確認。,長野県「農山漁村地域整備計画の変更（第2回）」 https://www.pref.nagano.lg.jp/ringyo/documents/2022_01keikaku.pdf | 長野県「農山漁村地域整備計画（R2-R6）」 https://www.pref.nagano.lg.jp/ringyo/documents/nousangyosonchikiseibikeikakur2~r6.pdf | 長野県「農山漁村地域整備計画 第2回変更（H27-H31）」 https://www.pref.nagano.lg.jp/ringyo/documents/henkou2.pdf | 長野県「農山漁村地域整備計画（H27-H31）」 https://www.pref.nagano.lg.jp/ringyo/documents/keikaku01.pdf,,長野県「農山漁村地域整備計画の変更（第2回）」 https://www.pref.nagano.lg.jp/ringyo/documents/2022_01keikaku.pdf | 長野県「農山漁村地域整備計画（R2-R6）」 https://www.pref.nagano.lg.jp/ringyo/documents/nousangyosonchikiseibikeikakur2~r6.pdf | 長野県「農山漁村地域整備計画 第2回変更（H27-H31）」 https://www.pref.nagano.lg.jp/ringyo/documents/henkou2.pdf | 長野県「農山漁村地域整備計画（H27-H31）」 https://www.pref.nagano.lg.jp/ringyo/documents/keikaku01.pdf,2026-07-10
NGN-000043,片丘線,塩尻市,中信,行政履歴確認済み,D,R2-R6／R2-R6第2回変更,,,,,位置未特定,,,なし,,,,,未確認,要確認,入口・代表点未特定。,通行可否・ゲート・路面は現地未確認。,長野県「農山漁村地域整備計画の変更（第2回）」 https://www.pref.nagano.lg.jp/ringyo/documents/2022_01keikaku.pdf | 長野県「農山漁村地域整備計画（R2-R6）」 https://www.pref.nagano.lg.jp/ringyo/documents/nousangyosonchikiseibikeikakur2~r6.pdf,,長野県「農山漁村地域整備計画の変更（第2回）」 https://www.pref.nagano.lg.jp/ringyo/documents/2022_01keikaku.pdf | 長野県「農山漁村地域整備計画（R2-R6）」 https://www.pref.nagano.lg.jp/ringyo/documents/nousangyosonchikiseibikeikakur2~r6.pdf,2026-07-10
NGN-000044,烏川線,安曇野市,中信,位置追加調査,C,R7-R11,林道改良事業,林道改良事業（改良L=33ｍ）,,,位置未特定,,,なし,,,,,未確認,要確認,長野県R7-R11計画掲載。入口・代表点未特定。,通行可否・ゲート・路面は現地未確認。,長野県「農山漁村地域整備計画の変更（第2回）」 https://www.pref.nagano.lg.jp/ringyo/documents/2022_01keikaku.pdf | 長野県「農山漁村地域整備計画（R2-R6）」 https://www.pref.nagano.lg.jp/ringyo/documents/nousangyosonchikiseibikeikakur2~r6.pdf | 長野県「農山漁村地域整備計画 第2回変更（H27-H31）」 https://www.pref.nagano.lg.jp/ringyo/documents/henkou2.pdf | 長野県「農山漁村地域整備計画（H27-H31）」 https://www.pref.nagano.lg.jp/ringyo/documents/keikaku01.pdf | 長野県「農山漁村地域整備計画（H22-H26）」 https://www.pref.nagano.lg.jp/ringyo/documents/kyukeikaku.pdf,,https://www.pref.nagano.lg.jp/ringyo/documents/sinkeikaku2025.pdf,2026-07-10
NGN-000045,氷室線,筑北村,中信,行政履歴確認済み,D,R2-R6／R2-R6第2回変更,,,,,位置未特定,,,なし,,,,,未確認,要確認,入口・代表点未特定。,通行可否・ゲート・路面は現地未確認。,長野県「農山漁村地域整備計画の変更（第2回）」 https://www.pref.nagano.lg.jp/ringyo/documents/2022_01keikaku.pdf | 長野県「農山漁村地域整備計画（R2-R6）」 https://www.pref.nagano.lg.jp/ringyo/documents/nousangyosonchikiseibikeikakur2~r6.pdf,,長野県「農山漁村地域整備計画の変更（第2回）」 https://www.pref.nagano.lg.jp/ringyo/documents/2022_01keikaku.pdf | 長野県「農山漁村地域整備計画（R2-R6）」 https://www.pref.nagano.lg.jp/ringyo/documents/nousangyosonchikiseibikeikakur2~r6.pdf,2026-07-10
NGN-000046,大川線,長野市,北信,次点候補,B,R7-R11,林道改良事業 | 林道点検診断・保全整備事業,林道改良事業（改良L=380ｍ） | 点検診断・保全整備（点検診断L=823m）,,,OSM名前一致代表点,36.7788415,137.9897810,あり,unclassified,,,172215158/172215236/173707891,中,要確認,長野県R7-R11計画掲載。OSM名前一致を市町村境界で確認。,通行可否・ゲート・路面は現地未確認。,長野県「農山漁村地域整備計画の変更（第2回）」 https://www.pref.nagano.lg.jp/ringyo/documents/2022_01keikaku.pdf | 長野県「農山漁村地域整備計画 第2回変更（H27-H31）」 https://www.pref.nagano.lg.jp/ringyo/documents/henkou2.pdf,OpenStreetMap way 172215158（名前一致・市町村境界確認済み）,https://www.pref.nagano.lg.jp/ringyo/documents/sinkeikaku2025.pdf,2026-07-10
NGN-000047,米子不動線,須坂市,北信,位置追加調査,C,R7-R11,林道点検診断・保全整備事業,点検診断・保全整備（保全整備L=13m）,,,位置未特定,,,なし,,,,,未確認,要確認,長野県R7-R11計画掲載。入口・代表点未特定。,通行可否・ゲート・路面は現地未確認。,長野県「農山漁村地域整備計画の変更（第2回）」 https://www.pref.nagano.lg.jp/ringyo/documents/2022_01keikaku.pdf,,https://www.pref.nagano.lg.jp/ringyo/documents/sinkeikaku2025.pdf,2026-07-10
NGN-000048,矢崎線,中野市,北信,行政履歴確認済み,D,R2-R6／R2-R6第2回変更,,,,,位置未特定,,,なし,,,,,未確認,要確認,入口・代表点未特定。,通行可否・ゲート・路面は現地未確認。,長野県「農山漁村地域整備計画の変更（第2回）」 https://www.pref.nagano.lg.jp/ringyo/documents/2022_01keikaku.pdf | 長野県「農山漁村地域整備計画（R2-R6）」 https://www.pref.nagano.lg.jp/ringyo/documents/nousangyosonchikiseibikeikakur2~r6.pdf,,長野県「農山漁村地域整備計画の変更（第2回）」 https://www.pref.nagano.lg.jp/ringyo/documents/2022_01keikaku.pdf | 長野県「農山漁村地域整備計画（R2-R6）」 https://www.pref.nagano.lg.jp/ringyo/documents/nousangyosonchikiseibikeikakur2~r6.pdf,2026-07-10
NGN-000049,金倉竜王線,山ノ内町,北信,行政履歴確認済み,D,R2-R6／R2-R6第2回変更,,,,,位置未特定,,,なし,,,,,未確認,要確認,入口・代表点未特定。,通行可否・ゲート・路面は現地未確認。,長野県「農山漁村地域整備計画の変更（第2回）」 https://www.pref.nagano.lg.jp/ringyo/documents/2022_01keikaku.pdf | 長野県「農山漁村地域整備計画（R2-R6）」 https://www.pref.nagano.lg.jp/ringyo/documents/nousangyosonchikiseibikeikakur2~r6.pdf,,長野県「農山漁村地域整備計画の変更（第2回）」 https://www.pref.nagano.lg.jp/ringyo/documents/2022_01keikaku.pdf | 長野県「農山漁村地域整備計画（R2-R6）」 https://www.pref.nagano.lg.jp/ringyo/documents/nousangyosonchikiseibikeikakur2~r6.pdf,2026-07-10
NGN-000050,清水平線,木島平村,北信,行政履歴確認済み,D,H22-H26／H27-H31／H27-H31第2回変更／R2-R6／R2-R6第2回変更,,,,,位置未特定,,,なし,,,,,未確認,要確認,入口・代表点未特定。,通行可否・ゲート・路面は現地未確認。,長野県「農山漁村地域整備計画の変更（第2回）」 https://www.pref.nagano.lg.jp/ringyo/documents/2022_01keikaku.pdf | 長野県「農山漁村地域整備計画（R2-R6）」 https://www.pref.nagano.lg.jp/ringyo/documents/nousangyosonchikiseibikeikakur2~r6.pdf | 長野県「農山漁村地域整備計画 第2回変更（H27-H31）」 https://www.pref.nagano.lg.jp/ringyo/documents/henkou2.pdf | 長野県「農山漁村地域整備計画（H27-H31）」 https://www.pref.nagano.lg.jp/ringyo/documents/keikaku01.pdf | 長野県「農山漁村地域整備計画（H22-H26）」 https://www.pref.nagano.lg.jp/ringyo/documents/kyukeikaku.pdf,,長野県「農山漁村地域整備計画の変更（第2回）」 https://www.pref.nagano.lg.jp/ringyo/documents/2022_01keikaku.pdf | 長野県「農山漁村地域整備計画（R2-R6）」 https://www.pref.nagano.lg.jp/ringyo/documents/nousangyosonchikiseibikeikakur2~r6.pdf | 長野県「農山漁村地域整備計画 第2回変更（H27-H31）」 https://www.pref.nagano.lg.jp/ringyo/documents/henkou2.pdf | 長野県「農山漁村地域整備計画（H27-H31）」 https://www.pref.nagano.lg.jp/ringyo/documents/keikaku01.pdf | 長野県「農山漁村地域整備計画（H22-H26）」 https://www.pref.nagano.lg.jp/ringyo/documents/kyukeikaku.pdf,2026-07-10
NGN-000051,秋山線,栄村,北信,位置追加調査,C,R7-R11,林道点検診断・保全整備事業,点検診断・保全整備（点検診断L=93m）,,,位置未特定,,,なし,,,,,未確認,要確認,長野県R7-R11計画掲載。入口・代表点未特定。,通行可否・ゲート・路面は現地未確認。,長野県「農山漁村地域整備計画の変更（第2回）」 https://www.pref.nagano.lg.jp/ringyo/documents/2022_01keikaku.pdf | 長野県「農山漁村地域整備計画（R2-R6）」 https://www.pref.nagano.lg.jp/ringyo/documents/nousangyosonchikiseibikeikakur2~r6.pdf | 長野県「農山漁村地域整備計画 第2回変更（H27-H31）」 https://www.pref.nagano.lg.jp/ringyo/documents/henkou2.pdf | 長野県「農山漁村地域整備計画（H27-H31）」 https://www.pref.nagano.lg.jp/ringyo/documents/keikaku01.pdf | 長野県「農山漁村地域整備計画（H22-H26）」 https://www.pref.nagano.lg.jp/ringyo/documents/kyukeikaku.pdf,,https://www.pref.nagano.lg.jp/ringyo/documents/sinkeikaku2025.pdf,2026-07-10
NGN-000052,長谷高遠線,伊那市,南信,行政履歴確認済み,D,H22-H26／H27-H31／H27-H31第2回変更,,,,,位置未特定,,,なし,,,,,未確認,要確認,入口・代表点未特定。,通行可否・ゲート・路面は現地未確認。,長野県「農山漁村地域整備計画 第2回変更（H27-H31）」 https://www.pref.nagano.lg.jp/ringyo/documents/henkou2.pdf | 長野県「農山漁村地域整備計画（H27-H31）」 https://www.pref.nagano.lg.jp/ringyo/documents/keikaku01.pdf | 長野県「農山漁村地域整備計画（H22-H26）」 https://www.pref.nagano.lg.jp/ringyo/documents/kyukeikaku.pdf,,長野県「農山漁村地域整備計画 第2回変更（H27-H31）」 https://www.pref.nagano.lg.jp/ringyo/documents/henkou2.pdf | 長野県「農山漁村地域整備計画（H27-H31）」 https://www.pref.nagano.lg.jp/ringyo/documents/keikaku01.pdf | 長野県「農山漁村地域整備計画（H22-H26）」 https://www.pref.nagano.lg.jp/ringyo/documents/kyukeikaku.pdf,2026-07-10
NGN-000053,高森山線,大鹿村,南信,行政履歴確認済み,D,H22-H26／H27-H31／H27-H31第2回変更,,,,,位置未特定,,,なし,,,,,未確認,要確認,入口・代表点未特定。,通行可否・ゲート・路面は現地未確認。,長野県「農山漁村地域整備計画 第2回変更（H27-H31）」 https://www.pref.nagano.lg.jp/ringyo/documents/henkou2.pdf | 長野県「農山漁村地域整備計画（H27-H31）」 https://www.pref.nagano.lg.jp/ringyo/documents/keikaku01.pdf | 長野県「農山漁村地域整備計画（H22-H26）」 https://www.pref.nagano.lg.jp/ringyo/documents/kyukeikaku.pdf,,長野県「農山漁村地域整備計画 第2回変更（H27-H31）」 https://www.pref.nagano.lg.jp/ringyo/documents/henkou2.pdf | 長野県「農山漁村地域整備計画（H27-H31）」 https://www.pref.nagano.lg.jp/ringyo/documents/keikaku01.pdf | 長野県「農山漁村地域整備計画（H22-H26）」 https://www.pref.nagano.lg.jp/ringyo/documents/kyukeikaku.pdf,2026-07-10
NGN-000054,高平線,飯田市,南信,行政履歴確認済み,D,H27-H31第2回変更,,,,,位置未特定,,,なし,,,,,未確認,要確認,入口・代表点未特定。,通行可否・ゲート・路面は現地未確認。,長野県「農山漁村地域整備計画 第2回変更（H27-H31）」 https://www.pref.nagano.lg.jp/ringyo/documents/henkou2.pdf,,長野県「農山漁村地域整備計画 第2回変更（H27-H31）」 https://www.pref.nagano.lg.jp/ringyo/documents/henkou2.pdf,2026-07-10
NGN-000055,天白高烏谷線,駒ヶ根市,南信,行政履歴確認済み,D,H22-H26／H27-H31／H27-H31第2回変更,,,,,位置未特定,,,なし,,,,,未確認,要確認,入口・代表点未特定。,通行可否・ゲート・路面は現地未確認。,長野県「農山漁村地域整備計画 第2回変更（H27-H31）」 https://www.pref.nagano.lg.jp/ringyo/documents/henkou2.pdf | 長野県「農山漁村地域整備計画（H27-H31）」 https://www.pref.nagano.lg.jp/ringyo/documents/keikaku01.pdf | 長野県「農山漁村地域整備計画（H22-H26）」 https://www.pref.nagano.lg.jp/ringyo/documents/kyukeikaku.pdf,,長野県「農山漁村地域整備計画 第2回変更（H27-H31）」 https://www.pref.nagano.lg.jp/ringyo/documents/henkou2.pdf | 長野県「農山漁村地域整備計画（H27-H31）」 https://www.pref.nagano.lg.jp/ringyo/documents/keikaku01.pdf | 長野県「農山漁村地域整備計画（H22-H26）」 https://www.pref.nagano.lg.jp/ringyo/documents/kyukeikaku.pdf,2026-07-10
NGN-000056,陣馬形線,中川村,南信,行政履歴確認済み,D,H22-H26／H27-H31／H27-H31第2回変更,,,,,位置未特定,,,なし,,,,,未確認,要確認,入口・代表点未特定。,通行可否・ゲート・路面は現地未確認。,長野県「農山漁村地域整備計画 第2回変更（H27-H31）」 https://www.pref.nagano.lg.jp/ringyo/documents/henkou2.pdf | 長野県「農山漁村地域整備計画（H27-H31）」 https://www.pref.nagano.lg.jp/ringyo/documents/keikaku01.pdf | 長野県「農山漁村地域整備計画（H22-H26）」 https://www.pref.nagano.lg.jp/ringyo/documents/kyukeikaku.pdf,,長野県「農山漁村地域整備計画 第2回変更（H27-H31）」 https://www.pref.nagano.lg.jp/ringyo/documents/henkou2.pdf | 長野県「農山漁村地域整備計画（H27-H31）」 https://www.pref.nagano.lg.jp/ringyo/documents/keikaku01.pdf | 長野県「農山漁村地域整備計画（H22-H26）」 https://www.pref.nagano.lg.jp/ringyo/documents/kyukeikaku.pdf,2026-07-10
NGN-000057,銭峯線,中川村,南信,行政履歴確認済み,D,H27-H31第2回変更,,,,,位置未特定,,,なし,,,,,未確認,要確認,入口・代表点未特定。,通行可否・ゲート・路面は現地未確認。,長野県「農山漁村地域整備計画 第2回変更（H27-H31）」 https://www.pref.nagano.lg.jp/ringyo/documents/henkou2.pdf,,長野県「農山漁村地域整備計画 第2回変更（H27-H31）」 https://www.pref.nagano.lg.jp/ringyo/documents/henkou2.pdf,2026-07-10
NGN-000058,間沢川線,松川町・豊丘村,南信,位置追加調査,C,R7-R11,林道点検診断・保全整備事業,点検診断・保全整備（点検診断L=26m）／点検診断・保全整備（点検診断L=50m） | 点検診断・保全整備（保全整備L=13m）,,,位置未特定,,,なし,,,,,未確認,要確認,長野県R7-R11計画掲載。入口・代表点未特定。,通行可否・ゲート・路面は現地未確認。同名路線が複数市町村に存在する可能性あり。,長野県「農山漁村地域整備計画 第2回変更（H27-H31）」 https://www.pref.nagano.lg.jp/ringyo/documents/henkou2.pdf | 長野県「農山漁村地域整備計画（H27-H31）」 https://www.pref.nagano.lg.jp/ringyo/documents/keikaku01.pdf | 長野県「農山漁村地域整備計画（H22-H26）」 https://www.pref.nagano.lg.jp/ringyo/documents/kyukeikaku.pdf,,https://www.pref.nagano.lg.jp/ringyo/documents/sinkeikaku2025.pdf,2026-07-10
NGN-000059,桧沢和合路線,飯田市,南信,行政履歴確認済み,D,H27-H31／H27-H31第2回変更,,,,,位置未特定,,,なし,,,,,未確認,要確認,入口・代表点未特定。,通行可否・ゲート・路面は現地未確認。,長野県「農山漁村地域整備計画 第2回変更（H27-H31）」 https://www.pref.nagano.lg.jp/ringyo/documents/henkou2.pdf | 長野県「農山漁村地域整備計画（H27-H31）」 https://www.pref.nagano.lg.jp/ringyo/documents/keikaku01.pdf,,長野県「農山漁村地域整備計画 第2回変更（H27-H31）」 https://www.pref.nagano.lg.jp/ringyo/documents/henkou2.pdf | 長野県「農山漁村地域整備計画（H27-H31）」 https://www.pref.nagano.lg.jp/ringyo/documents/keikaku01.pdf,2026-07-10
NGN-000060,万古川線,泰阜村,南信,位置追加調査,C,R7-R11,林道点検診断・保全整備事業,点検診断・保全整備（点検診断L=262m）,,,位置未特定,,,なし,,,,,未確認,要確認,長野県R7-R11計画掲載。入口・代表点未特定。,通行可否・ゲート・路面は現地未確認。,長野県「農山漁村地域整備計画 第2回変更（H27-H31）」 https://www.pref.nagano.lg.jp/ringyo/documents/henkou2.pdf | 長野県「農山漁村地域整備計画（H27-H31）」 https://www.pref.nagano.lg.jp/ringyo/documents/keikaku01.pdf | 長野県「農山漁村地域整備計画（H22-H26）」 https://www.pref.nagano.lg.jp/ringyo/documents/kyukeikaku.pdf,,https://www.pref.nagano.lg.jp/ringyo/documents/sinkeikaku2025.pdf,2026-07-10
NGN-000061,中峰黒川線,大鹿村,南信,行政履歴確認済み,D,H22-H26／H27-H31／H27-H31第2回変更,,,,,位置未特定,,,なし,,,,,未確認,要確認,入口・代表点未特定。,通行可否・ゲート・路面は現地未確認。,長野県「農山漁村地域整備計画 第2回変更（H27-H31）」 https://www.pref.nagano.lg.jp/ringyo/documents/henkou2.pdf | 長野県「農山漁村地域整備計画（H27-H31）」 https://www.pref.nagano.lg.jp/ringyo/documents/keikaku01.pdf | 長野県「農山漁村地域整備計画（H22-H26）」 https://www.pref.nagano.lg.jp/ringyo/documents/kyukeikaku.pdf,,長野県「農山漁村地域整備計画 第2回変更（H27-H31）」 https://www.pref.nagano.lg.jp/ringyo/documents/henkou2.pdf | 長野県「農山漁村地域整備計画（H27-H31）」 https://www.pref.nagano.lg.jp/ringyo/documents/keikaku01.pdf | 長野県「農山漁村地域整備計画（H22-H26）」 https://www.pref.nagano.lg.jp/ringyo/documents/kyukeikaku.pdf,2026-07-10
NGN-000062,押の沢線,飯田市,南信,行政履歴確認済み,D,H27-H31／H27-H31第2回変更,,,,,位置未特定,,,なし,,,,,未確認,要確認,入口・代表点未特定。,通行可否・ゲート・路面は現地未確認。,長野県「農山漁村地域整備計画 第2回変更（H27-H31）」 https://www.pref.nagano.lg.jp/ringyo/documents/henkou2.pdf | 長野県「農山漁村地域整備計画（H27-H31）」 https://www.pref.nagano.lg.jp/ringyo/documents/keikaku01.pdf,,長野県「農山漁村地域整備計画 第2回変更（H27-H31）」 https://www.pref.nagano.lg.jp/ringyo/documents/henkou2.pdf | 長野県「農山漁村地域整備計画（H27-H31）」 https://www.pref.nagano.lg.jp/ringyo/documents/keikaku01.pdf,2026-07-10
NGN-000063,鳥倉線,大鹿村,南信,全県有力候補,A,R7-R11,林道点検診断・保全整備事業,点検診断・保全整備（点検診断L=236m）,,,OSM名前一致代表点,35.5494156,138.1147373,あり,unclassified/track,asphalt,grade2,154400734/154400744/154400754/154400761/154400826/154400841/154581900/154797206/154797262/154797282/154797285/154797329/598309082/598309083/598327521/884939103/1195956152/1195956153/1229231245/1229231246/1284760625/1284764767/1284764768/1284766051/1284766052/1284766060/1284766061,強,要確認,長野県R7-R11計画掲載。OSM名前一致を市町村境界で確認。trackまたは未舗装系タグあり。,通行可否・ゲート・路面は現地未確認。,長野県「農山漁村地域整備計画 第2回変更（H27-H31）」 https://www.pref.nagano.lg.jp/ringyo/documents/henkou2.pdf | 長野県「農山漁村地域整備計画（H27-H31）」 https://www.pref.nagano.lg.jp/ringyo/documents/keikaku01.pdf | 長野県「農山漁村地域整備計画（H22-H26）」 https://www.pref.nagano.lg.jp/ringyo/documents/kyukeikaku.pdf,OpenStreetMap way 598309082（名前一致・市町村境界確認済み）,https://www.pref.nagano.lg.jp/ringyo/documents/sinkeikaku2025.pdf,2026-07-10
NGN-000064,釜沢線,大鹿村,南信,行政履歴確認済み,D,H22-H26／H27-H31／H27-H31第2回変更,,,,,位置未特定,,,なし,,,,,未確認,要確認,入口・代表点未特定。,通行可否・ゲート・路面は現地未確認。,長野県「農山漁村地域整備計画 第2回変更（H27-H31）」 https://www.pref.nagano.lg.jp/ringyo/documents/henkou2.pdf | 長野県「農山漁村地域整備計画（H27-H31）」 https://www.pref.nagano.lg.jp/ringyo/documents/keikaku01.pdf | 長野県「農山漁村地域整備計画（H22-H26）」 https://www.pref.nagano.lg.jp/ringyo/documents/kyukeikaku.pdf,,長野県「農山漁村地域整備計画 第2回変更（H27-H31）」 https://www.pref.nagano.lg.jp/ringyo/documents/henkou2.pdf | 長野県「農山漁村地域整備計画（H27-H31）」 https://www.pref.nagano.lg.jp/ringyo/documents/keikaku01.pdf | 長野県「農山漁村地域整備計画（H22-H26）」 https://www.pref.nagano.lg.jp/ringyo/documents/kyukeikaku.pdf,2026-07-10
NGN-000065,虫川新野峠線,天龍村・木曽町,中信,行政履歴確認済み,D,H22-H26／H27-H31／H27-H31第2回変更／R2-R6／R2-R6第2回変更,,,,,位置未特定,,,なし,,,,,未確認,要確認,入口・代表点未特定。,通行可否・ゲート・路面は現地未確認。同名路線が複数市町村に存在する可能性あり。,長野県「農山漁村地域整備計画 第2回変更（H27-H31）」 https://www.pref.nagano.lg.jp/ringyo/documents/henkou2.pdf | 長野県「農山漁村地域整備計画（H27-H31）」 https://www.pref.nagano.lg.jp/ringyo/documents/keikaku01.pdf | 長野県「農山漁村地域整備計画（H22-H26）」 https://www.pref.nagano.lg.jp/ringyo/documents/kyukeikaku.pdf,,長野県「農山漁村地域整備計画 第2回変更（H27-H31）」 https://www.pref.nagano.lg.jp/ringyo/documents/henkou2.pdf | 長野県「農山漁村地域整備計画（H27-H31）」 https://www.pref.nagano.lg.jp/ringyo/documents/keikaku01.pdf | 長野県「農山漁村地域整備計画（H22-H26）」 https://www.pref.nagano.lg.jp/ringyo/documents/kyukeikaku.pdf,2026-07-10
NGN-000066,熊沢幸沢線,木曽町,中信,位置追加調査,C,R7-R11,林道点検診断・保全整備事業,点検診断・保全整備（点検診断L=224m）,,,位置未特定,,,なし,,,,,未確認,要確認,長野県R7-R11計画掲載。入口・代表点未特定。,通行可否・ゲート・路面は現地未確認。,長野県「農山漁村地域整備計画 第2回変更（H27-H31）」 https://www.pref.nagano.lg.jp/ringyo/documents/henkou2.pdf | 長野県「農山漁村地域整備計画（H27-H31）」 https://www.pref.nagano.lg.jp/ringyo/documents/keikaku01.pdf | 長野県「農山漁村地域整備計画（H22-H26）」 https://www.pref.nagano.lg.jp/ringyo/documents/kyukeikaku.pdf,,https://www.pref.nagano.lg.jp/ringyo/documents/sinkeikaku2025.pdf,2026-07-10
NGN-000067,塩沢線,木祖村・木曽町,中信,行政履歴確認済み,D,H22-H26／H27-H31／H27-H31第2回変更,,,,,位置未特定,,,なし,,,,,未確認,要確認,入口・代表点未特定。,通行可否・ゲート・路面は現地未確認。同名路線が複数市町村に存在する可能性あり。,長野県「農山漁村地域整備計画 第2回変更（H27-H31）」 https://www.pref.nagano.lg.jp/ringyo/documents/henkou2.pdf | 長野県「農山漁村地域整備計画（H27-H31）」 https://www.pref.nagano.lg.jp/ringyo/documents/keikaku01.pdf | 長野県「農山漁村地域整備計画（H22-H26）」 https://www.pref.nagano.lg.jp/ringyo/documents/kyukeikaku.pdf,,長野県「農山漁村地域整備計画 第2回変更（H27-H31）」 https://www.pref.nagano.lg.jp/ringyo/documents/henkou2.pdf | 長野県「農山漁村地域整備計画（H27-H31）」 https://www.pref.nagano.lg.jp/ringyo/documents/keikaku01.pdf | 長野県「農山漁村地域整備計画（H22-H26）」 https://www.pref.nagano.lg.jp/ringyo/documents/kyukeikaku.pdf,2026-07-10
NGN-000068,栗の木線,松本市,中信,行政履歴確認済み,D,H27-H31／H27-H31第2回変更,,,,,位置未特定,,,なし,,,,,未確認,要確認,入口・代表点未特定。,通行可否・ゲート・路面は現地未確認。,長野県「農山漁村地域整備計画 第2回変更（H27-H31）」 https://www.pref.nagano.lg.jp/ringyo/documents/henkou2.pdf | 長野県「農山漁村地域整備計画（H27-H31）」 https://www.pref.nagano.lg.jp/ringyo/documents/keikaku01.pdf,,長野県「農山漁村地域整備計画 第2回変更（H27-H31）」 https://www.pref.nagano.lg.jp/ringyo/documents/henkou2.pdf | 長野県「農山漁村地域整備計画（H27-H31）」 https://www.pref.nagano.lg.jp/ringyo/documents/keikaku01.pdf,2026-07-10
NGN-000069,高遠線,松本市,中信,行政履歴確認済み,D,H27-H31／H27-H31第2回変更,,,,,位置未特定,,,なし,,,,,未確認,要確認,入口・代表点未特定。,通行可否・ゲート・路面は現地未確認。,長野県「農山漁村地域整備計画 第2回変更（H27-H31）」 https://www.pref.nagano.lg.jp/ringyo/documents/henkou2.pdf | 長野県「農山漁村地域整備計画（H27-H31）」 https://www.pref.nagano.lg.jp/ringyo/documents/keikaku01.pdf,,長野県「農山漁村地域整備計画 第2回変更（H27-H31）」 https://www.pref.nagano.lg.jp/ringyo/documents/henkou2.pdf | 長野県「農山漁村地域整備計画（H27-H31）」 https://www.pref.nagano.lg.jp/ringyo/documents/keikaku01.pdf,2026-07-10
NGN-000070,湯ノ原線,松本市,中信,行政履歴確認済み,D,H22-H26／H27-H31／H27-H31第2回変更,,,,,位置未特定,,,なし,,,,,未確認,要確認,入口・代表点未特定。,通行可否・ゲート・路面は現地未確認。,長野県「農山漁村地域整備計画 第2回変更（H27-H31）」 https://www.pref.nagano.lg.jp/ringyo/documents/henkou2.pdf | 長野県「農山漁村地域整備計画（H27-H31）」 https://www.pref.nagano.lg.jp/ringyo/documents/keikaku01.pdf | 長野県「農山漁村地域整備計画（H22-H26）」 https://www.pref.nagano.lg.jp/ringyo/documents/kyukeikaku.pdf,,長野県「農山漁村地域整備計画 第2回変更（H27-H31）」 https://www.pref.nagano.lg.jp/ringyo/documents/henkou2.pdf | 長野県「農山漁村地域整備計画（H27-H31）」 https://www.pref.nagano.lg.jp/ringyo/documents/keikaku01.pdf | 長野県「農山漁村地域整備計画（H22-H26）」 https://www.pref.nagano.lg.jp/ringyo/documents/kyukeikaku.pdf,2026-07-10
NGN-000071,片丘南部線,塩尻市,中信,行政履歴確認済み,D,H22-H26／H27-H31／H27-H31第2回変更,,,,,位置未特定,,,なし,,,,,未確認,要確認,入口・代表点未特定。,通行可否・ゲート・路面は現地未確認。,長野県「農山漁村地域整備計画 第2回変更（H27-H31）」 https://www.pref.nagano.lg.jp/ringyo/documents/henkou2.pdf | 長野県「農山漁村地域整備計画（H27-H31）」 https://www.pref.nagano.lg.jp/ringyo/documents/keikaku01.pdf | 長野県「農山漁村地域整備計画（H22-H26）」 https://www.pref.nagano.lg.jp/ringyo/documents/kyukeikaku.pdf,,長野県「農山漁村地域整備計画 第2回変更（H27-H31）」 https://www.pref.nagano.lg.jp/ringyo/documents/henkou2.pdf | 長野県「農山漁村地域整備計画（H27-H31）」 https://www.pref.nagano.lg.jp/ringyo/documents/keikaku01.pdf | 長野県「農山漁村地域整備計画（H22-H26）」 https://www.pref.nagano.lg.jp/ringyo/documents/kyukeikaku.pdf,2026-07-10
NGN-000072,雲根線,生坂村,中信,行政履歴確認済み,D,H27-H31／H27-H31第2回変更,,,,,位置未特定,,,なし,,,,,未確認,要確認,入口・代表点未特定。,通行可否・ゲート・路面は現地未確認。,長野県「農山漁村地域整備計画 第2回変更（H27-H31）」 https://www.pref.nagano.lg.jp/ringyo/documents/henkou2.pdf | 長野県「農山漁村地域整備計画（H27-H31）」 https://www.pref.nagano.lg.jp/ringyo/documents/keikaku01.pdf,,長野県「農山漁村地域整備計画 第2回変更（H27-H31）」 https://www.pref.nagano.lg.jp/ringyo/documents/henkou2.pdf | 長野県「農山漁村地域整備計画（H27-H31）」 https://www.pref.nagano.lg.jp/ringyo/documents/keikaku01.pdf,2026-07-10
NGN-000073,中俣線,朝日村,中信,行政履歴確認済み,D,H27-H31第2回変更,,,,,位置未特定,,,なし,,,,,未確認,要確認,入口・代表点未特定。,通行可否・ゲート・路面は現地未確認。,長野県「農山漁村地域整備計画 第2回変更（H27-H31）」 https://www.pref.nagano.lg.jp/ringyo/documents/henkou2.pdf,,長野県「農山漁村地域整備計画 第2回変更（H27-H31）」 https://www.pref.nagano.lg.jp/ringyo/documents/henkou2.pdf,2026-07-10
NGN-000074,樫俣線,朝日村,中信,位置追加調査,C,R7-R11,林道改良事業,林道改良事業（改良L=129ｍ）,,,位置未特定,,,なし,,,,,未確認,要確認,長野県R7-R11計画掲載。入口・代表点未特定。,通行可否・ゲート・路面は現地未確認。,長野県「農山漁村地域整備計画 第2回変更（H27-H31）」 https://www.pref.nagano.lg.jp/ringyo/documents/henkou2.pdf,,https://www.pref.nagano.lg.jp/ringyo/documents/sinkeikaku2025.pdf,2026-07-10
NGN-000075,宮坂線,長野市,北信,行政履歴確認済み,D,H22-H26／H27-H31／H27-H31第2回変更,,,,,位置未特定,,,なし,,,,,未確認,要確認,入口・代表点未特定。,通行可否・ゲート・路面は現地未確認。,長野県「農山漁村地域整備計画 第2回変更（H27-H31）」 https://www.pref.nagano.lg.jp/ringyo/documents/henkou2.pdf | 長野県「農山漁村地域整備計画（H27-H31）」 https://www.pref.nagano.lg.jp/ringyo/documents/keikaku01.pdf | 長野県「農山漁村地域整備計画（H22-H26）」 https://www.pref.nagano.lg.jp/ringyo/documents/kyukeikaku.pdf,,長野県「農山漁村地域整備計画 第2回変更（H27-H31）」 https://www.pref.nagano.lg.jp/ringyo/documents/henkou2.pdf | 長野県「農山漁村地域整備計画（H27-H31）」 https://www.pref.nagano.lg.jp/ringyo/documents/keikaku01.pdf | 長野県「農山漁村地域整備計画（H22-H26）」 https://www.pref.nagano.lg.jp/ringyo/documents/kyukeikaku.pdf,2026-07-10
NGN-000076,佐野山線,千曲市,北信,行政履歴確認済み,D,H22-H26／H27-H31／H27-H31第2回変更,,,,,位置未特定,,,なし,,,,,未確認,要確認,入口・代表点未特定。,通行可否・ゲート・路面は現地未確認。,長野県「農山漁村地域整備計画 第2回変更（H27-H31）」 https://www.pref.nagano.lg.jp/ringyo/documents/henkou2.pdf | 長野県「農山漁村地域整備計画（H27-H31）」 https://www.pref.nagano.lg.jp/ringyo/documents/keikaku01.pdf | 長野県「農山漁村地域整備計画（H22-H26）」 https://www.pref.nagano.lg.jp/ringyo/documents/kyukeikaku.pdf,,長野県「農山漁村地域整備計画 第2回変更（H27-H31）」 https://www.pref.nagano.lg.jp/ringyo/documents/henkou2.pdf | 長野県「農山漁村地域整備計画（H27-H31）」 https://www.pref.nagano.lg.jp/ringyo/documents/keikaku01.pdf | 長野県「農山漁村地域整備計画（H22-H26）」 https://www.pref.nagano.lg.jp/ringyo/documents/kyukeikaku.pdf,2026-07-10
NGN-000077,中原入線,千曲市,北信,行政履歴確認済み,D,H22-H26／H27-H31／H27-H31第2回変更,,,,,位置未特定,,,なし,,,,,未確認,要確認,入口・代表点未特定。,通行可否・ゲート・路面は現地未確認。,長野県「農山漁村地域整備計画 第2回変更（H27-H31）」 https://www.pref.nagano.lg.jp/ringyo/documents/henkou2.pdf | 長野県「農山漁村地域整備計画（H27-H31）」 https://www.pref.nagano.lg.jp/ringyo/documents/keikaku01.pdf | 長野県「農山漁村地域整備計画（H22-H26）」 https://www.pref.nagano.lg.jp/ringyo/documents/kyukeikaku.pdf,,長野県「農山漁村地域整備計画 第2回変更（H27-H31）」 https://www.pref.nagano.lg.jp/ringyo/documents/henkou2.pdf | 長野県「農山漁村地域整備計画（H27-H31）」 https://www.pref.nagano.lg.jp/ringyo/documents/keikaku01.pdf | 長野県「農山漁村地域整備計画（H22-H26）」 https://www.pref.nagano.lg.jp/ringyo/documents/kyukeikaku.pdf,2026-07-10
NGN-000078,一ノ沢線,安曇野市,中信,行政履歴確認済み,D,H27-H31／H27-H31第2回変更,,,,,位置未特定,,,なし,,,,,未確認,要確認,入口・代表点未特定。,通行可否・ゲート・路面は現地未確認。,長野県「農山漁村地域整備計画 第2回変更（H27-H31）」 https://www.pref.nagano.lg.jp/ringyo/documents/henkou2.pdf | 長野県「農山漁村地域整備計画（H27-H31）」 https://www.pref.nagano.lg.jp/ringyo/documents/keikaku01.pdf,,長野県「農山漁村地域整備計画 第2回変更（H27-H31）」 https://www.pref.nagano.lg.jp/ringyo/documents/henkou2.pdf | 長野県「農山漁村地域整備計画（H27-H31）」 https://www.pref.nagano.lg.jp/ringyo/documents/keikaku01.pdf,2026-07-10
NGN-000079,虫川新野線,天龍村,南信,行政履歴確認済み,D,H22-H26／H27-H31,,,,,位置未特定,,,なし,,,,,未確認,要確認,入口・代表点未特定。,通行可否・ゲート・路面は現地未確認。,長野県「農山漁村地域整備計画（H27-H31）」 https://www.pref.nagano.lg.jp/ringyo/documents/keikaku01.pdf | 長野県「農山漁村地域整備計画（H22-H26）」 https://www.pref.nagano.lg.jp/ringyo/documents/kyukeikaku.pdf,,長野県「農山漁村地域整備計画（H27-H31）」 https://www.pref.nagano.lg.jp/ringyo/documents/keikaku01.pdf | 長野県「農山漁村地域整備計画（H22-H26）」 https://www.pref.nagano.lg.jp/ringyo/documents/kyukeikaku.pdf,2026-07-10
NGN-000080,矢筈線,飯田市,南信,行政履歴確認済み,D,H22-H26,,,,,位置未特定,,,なし,,,,,未確認,要確認,入口・代表点未特定。,通行可否・ゲート・路面は現地未確認。,長野県「農山漁村地域整備計画（H22-H26）」 https://www.pref.nagano.lg.jp/ringyo/documents/kyukeikaku.pdf,,長野県「農山漁村地域整備計画（H22-H26）」 https://www.pref.nagano.lg.jp/ringyo/documents/kyukeikaku.pdf,2026-07-10
NGN-000081,西部線,辰野町,南信,行政履歴確認済み,D,H22-H26,,,,,位置未特定,,,なし,,,,,未確認,要確認,入口・代表点未特定。,通行可否・ゲート・路面は現地未確認。,長野県「農山漁村地域整備計画（H22-H26）」 https://www.pref.nagano.lg.jp/ringyo/documents/kyukeikaku.pdf,,長野県「農山漁村地域整備計画（H22-H26）」 https://www.pref.nagano.lg.jp/ringyo/documents/kyukeikaku.pdf,2026-07-10
NGN-000082,宮沢線,安曇野市,中信,行政履歴確認済み,D,H22-H26,,,,,位置未特定,,,なし,,,,,未確認,要確認,入口・代表点未特定。,通行可否・ゲート・路面は現地未確認。,長野県「農山漁村地域整備計画（H22-H26）」 https://www.pref.nagano.lg.jp/ringyo/documents/kyukeikaku.pdf,,長野県「農山漁村地域整備計画（H22-H26）」 https://www.pref.nagano.lg.jp/ringyo/documents/kyukeikaku.pdf,2026-07-10
NGN-000083,白馬小谷東山線,小谷村,中信,行政履歴確認済み,D,H22-H26,,,,,位置未特定,,,なし,,,,,未確認,要確認,入口・代表点未特定。,通行可否・ゲート・路面は現地未確認。,長野県「農山漁村地域整備計画（H22-H26）」 https://www.pref.nagano.lg.jp/ringyo/documents/kyukeikaku.pdf,,長野県「農山漁村地域整備計画（H22-H26）」 https://www.pref.nagano.lg.jp/ringyo/documents/kyukeikaku.pdf,2026-07-10
NGN-000084,小河内線,中川村,南信,行政履歴確認済み,D,H22-H26,,,,,位置未特定,,,なし,,,,,未確認,要確認,入口・代表点未特定。,通行可否・ゲート・路面は現地未確認。,長野県「農山漁村地域整備計画（H22-H26）」 https://www.pref.nagano.lg.jp/ringyo/documents/kyukeikaku.pdf,,長野県「農山漁村地域整備計画（H22-H26）」 https://www.pref.nagano.lg.jp/ringyo/documents/kyukeikaku.pdf,2026-07-10
NGN-000085,大沢線,木曽町,中信,位置追加調査,C,R7-R11,林道点検診断・保全整備事業,点検診断・保全整備（保全整備L=6m）,,,位置未特定,,,なし,,,,,未確認,要確認,長野県R7-R11計画掲載。入口・代表点未特定。,通行可否・ゲート・路面は現地未確認。,長野県「農山漁村地域整備計画（H22-H26）」 https://www.pref.nagano.lg.jp/ringyo/documents/kyukeikaku.pdf,,https://www.pref.nagano.lg.jp/ringyo/documents/sinkeikaku2025.pdf,2026-07-10
NGN-000086,横根山線,飯島町,南信,位置追加調査,C,R7-R11,林道改良事業,林道改良事業（改良L=115ｍ）,,,位置未特定,,,なし,,,,,未確認,要確認,長野県R7-R11計画掲載。入口・代表点未特定。,通行可否・ゲート・路面は現地未確認。,長野県「農山漁村地域整備計画（H22-H26）」 https://www.pref.nagano.lg.jp/ringyo/documents/kyukeikaku.pdf,,https://www.pref.nagano.lg.jp/ringyo/documents/sinkeikaku2025.pdf,2026-07-10
NGN-000087,白坂砥石沢線,筑北村,中信,行政履歴確認済み,D,H22-H26,,,,,位置未特定,,,なし,,,,,未確認,要確認,入口・代表点未特定。,通行可否・ゲート・路面は現地未確認。,長野県「農山漁村地域整備計画（H22-H26）」 https://www.pref.nagano.lg.jp/ringyo/documents/kyukeikaku.pdf,,長野県「農山漁村地域整備計画（H22-H26）」 https://www.pref.nagano.lg.jp/ringyo/documents/kyukeikaku.pdf,2026-07-10
NGN-000088,細野線,白馬村,中信,行政履歴確認済み,D,H22-H26,,,,,位置未特定,,,なし,,,,,未確認,要確認,入口・代表点未特定。,通行可否・ゲート・路面は現地未確認。,長野県「農山漁村地域整備計画（H22-H26）」 https://www.pref.nagano.lg.jp/ringyo/documents/kyukeikaku.pdf,,長野県「農山漁村地域整備計画（H22-H26）」 https://www.pref.nagano.lg.jp/ringyo/documents/kyukeikaku.pdf,2026-07-10
NGN-000089,北野線,長野県,南信,行政履歴確認済み,D,H22-H26,,,,,位置未特定,,,なし,,,,,未確認,要確認,入口・代表点未特定。,通行可否・ゲート・路面は現地未確認。,長野県「農山漁村地域整備計画（H22-H26）」 https://www.pref.nagano.lg.jp/ringyo/documents/kyukeikaku.pdf,,長野県「農山漁村地域整備計画（H22-H26）」 https://www.pref.nagano.lg.jp/ringyo/documents/kyukeikaku.pdf,2026-07-10
NGN-000090,大池線,小谷村,中信,行政履歴確認済み,D,H22-H26,,,,,位置未特定,,,なし,,,,,未確認,要確認,入口・代表点未特定。,通行可否・ゲート・路面は現地未確認。,長野県「農山漁村地域整備計画（H22-H26）」 https://www.pref.nagano.lg.jp/ringyo/documents/kyukeikaku.pdf,,長野県「農山漁村地域整備計画（H22-H26）」 https://www.pref.nagano.lg.jp/ringyo/documents/kyukeikaku.pdf,2026-07-10
NGN-000091,伊藤線,飯田市,南信,行政履歴確認済み,D,H22-H26,,,,,位置未特定,,,なし,,,,,未確認,要確認,入口・代表点未特定。,通行可否・ゲート・路面は現地未確認。,長野県「農山漁村地域整備計画（H22-H26）」 https://www.pref.nagano.lg.jp/ringyo/documents/kyukeikaku.pdf,,長野県「農山漁村地域整備計画（H22-H26）」 https://www.pref.nagano.lg.jp/ringyo/documents/kyukeikaku.pdf,2026-07-10
NGN-000092,黒牛折草峠線,中川村,南信,行政履歴確認済み,D,H22-H26,,,,,位置未特定,,,なし,,,,,未確認,要確認,入口・代表点未特定。,通行可否・ゲート・路面は現地未確認。,長野県「農山漁村地域整備計画（H22-H26）」 https://www.pref.nagano.lg.jp/ringyo/documents/kyukeikaku.pdf,,長野県「農山漁村地域整備計画（H22-H26）」 https://www.pref.nagano.lg.jp/ringyo/documents/kyukeikaku.pdf,2026-07-10
NGN-000093,池の平大原線,木祖村,中信,行政履歴確認済み,D,H22-H26,,,,,位置未特定,,,なし,,,,,未確認,要確認,入口・代表点未特定。,通行可否・ゲート・路面は現地未確認。,長野県「農山漁村地域整備計画（H22-H26）」 https://www.pref.nagano.lg.jp/ringyo/documents/kyukeikaku.pdf,,長野県「農山漁村地域整備計画（H22-H26）」 https://www.pref.nagano.lg.jp/ringyo/documents/kyukeikaku.pdf,2026-07-10
NGN-000094,床並線,木祖村,中信,行政履歴確認済み,D,H22-H26,,,,,位置未特定,,,なし,,,,,未確認,要確認,入口・代表点未特定。,通行可否・ゲート・路面は現地未確認。,長野県「農山漁村地域整備計画（H22-H26）」 https://www.pref.nagano.lg.jp/ringyo/documents/kyukeikaku.pdf,,長野県「農山漁村地域整備計画（H22-H26）」 https://www.pref.nagano.lg.jp/ringyo/documents/kyukeikaku.pdf,2026-07-10
NGN-000095,東沢線,飯田市,南信,舗装計画あり・優先度低,C,R7-R11,林道改良事業,林道改良事業（舗装L=1330ｍ） | 林道改良事業（改良L=12ｍ）,,,位置未特定,,,なし,,,,,未確認,要確認,長野県R7-R11計画掲載。舗装計画記載のため未舗装候補としては低優先。入口・代表点未特定。,通行可否・ゲート・路面は現地未確認。同名OSM 1件は市町村不一致で除外。計画記載は施工完了や現況を保証しない。,長野県「農山漁村地域整備計画（H22-H26）」 https://www.pref.nagano.lg.jp/ringyo/documents/kyukeikaku.pdf,,https://www.pref.nagano.lg.jp/ringyo/documents/sinkeikaku2025.pdf,2026-07-10
NGN-000096,高町線,飯田市,南信,行政履歴確認済み,D,H22-H26,,,,,位置未特定,,,なし,,,,,未確認,要確認,入口・代表点未特定。,通行可否・ゲート・路面は現地未確認。,長野県「農山漁村地域整備計画（H22-H26）」 https://www.pref.nagano.lg.jp/ringyo/documents/kyukeikaku.pdf,,長野県「農山漁村地域整備計画（H22-H26）」 https://www.pref.nagano.lg.jp/ringyo/documents/kyukeikaku.pdf,2026-07-10
NGN-000097,早稲田木曽畑線,阿南町,南信,行政履歴確認済み,D,H22-H26,,,,,位置未特定,,,なし,,,,,未確認,要確認,入口・代表点未特定。,通行可否・ゲート・路面は現地未確認。,長野県「農山漁村地域整備計画（H22-H26）」 https://www.pref.nagano.lg.jp/ringyo/documents/kyukeikaku.pdf,,長野県「農山漁村地域整備計画（H22-H26）」 https://www.pref.nagano.lg.jp/ringyo/documents/kyukeikaku.pdf,2026-07-10
NGN-000098,虻川線,豊丘村,南信,行政履歴確認済み,D,H22-H26,,,,,位置未特定,,,なし,,,,,未確認,要確認,入口・代表点未特定。,通行可否・ゲート・路面は現地未確認。,長野県「農山漁村地域整備計画（H22-H26）」 https://www.pref.nagano.lg.jp/ringyo/documents/kyukeikaku.pdf,,長野県「農山漁村地域整備計画（H22-H26）」 https://www.pref.nagano.lg.jp/ringyo/documents/kyukeikaku.pdf,2026-07-10
NGN-000099,黒川線,小谷村・松本市,中信,行政履歴確認済み,D,H22-H26,,,,,位置未特定,,,なし,,,,,未確認,要確認,入口・代表点未特定。,通行可否・ゲート・路面は現地未確認。同名路線が複数市町村に存在する可能性あり。,長野県「農山漁村地域整備計画（H22-H26）」 https://www.pref.nagano.lg.jp/ringyo/documents/kyukeikaku.pdf,,長野県「農山漁村地域整備計画（H22-H26）」 https://www.pref.nagano.lg.jp/ringyo/documents/kyukeikaku.pdf,2026-07-10
NGN-000100,鉢盛山線,朝日村,中信,行政履歴確認済み,D,H22-H26,,,,,位置未特定,,,なし,,,,,未確認,要確認,入口・代表点未特定。,通行可否・ゲート・路面は現地未確認。,長野県「農山漁村地域整備計画（H22-H26）」 https://www.pref.nagano.lg.jp/ringyo/documents/kyukeikaku.pdf,,長野県「農山漁村地域整備計画（H22-H26）」 https://www.pref.nagano.lg.jp/ringyo/documents/kyukeikaku.pdf,2026-07-10
NGN-000101,中日影線,高山村,北信,行政履歴確認済み,D,H22-H26,,,,,位置未特定,,,なし,,,,,未確認,要確認,入口・代表点未特定。,通行可否・ゲート・路面は現地未確認。,長野県「農山漁村地域整備計画（H22-H26）」 https://www.pref.nagano.lg.jp/ringyo/documents/kyukeikaku.pdf,,長野県「農山漁村地域整備計画（H22-H26）」 https://www.pref.nagano.lg.jp/ringyo/documents/kyukeikaku.pdf,2026-07-10
NGN-000102,堂ヶ入線,山形村,中信,行政履歴確認済み,D,H22-H26,,,,,位置未特定,,,なし,,,,,未確認,要確認,入口・代表点未特定。,通行可否・ゲート・路面は現地未確認。,長野県「農山漁村地域整備計画（H22-H26）」 https://www.pref.nagano.lg.jp/ringyo/documents/kyukeikaku.pdf,,長野県「農山漁村地域整備計画（H22-H26）」 https://www.pref.nagano.lg.jp/ringyo/documents/kyukeikaku.pdf,2026-07-10
NGN-000103,八久保峠線,木曽町,中信,行政履歴確認済み,D,H22-H26,,,,,位置未特定,,,なし,,,,,未確認,要確認,入口・代表点未特定。,通行可否・ゲート・路面は現地未確認。,長野県「農山漁村地域整備計画（H22-H26）」 https://www.pref.nagano.lg.jp/ringyo/documents/kyukeikaku.pdf,,長野県「農山漁村地域整備計画（H22-H26）」 https://www.pref.nagano.lg.jp/ringyo/documents/kyukeikaku.pdf,2026-07-10
NGN-000104,妙高小谷線,小谷村,中信,行政履歴確認済み,D,H22-H26,,,,,位置未特定,,,なし,,,,,未確認,要確認,入口・代表点未特定。,通行可否・ゲート・路面は現地未確認。,長野県「農山漁村地域整備計画（H22-H26）」 https://www.pref.nagano.lg.jp/ringyo/documents/kyukeikaku.pdf,,長野県「農山漁村地域整備計画（H22-H26）」 https://www.pref.nagano.lg.jp/ringyo/documents/kyukeikaku.pdf,2026-07-10
NGN-000105,妙義荒船線,佐久市,東信,位置追加調査,C,R7-R11,林道改良事業,林道改良事業（改良L103=ｍ）,,,位置未特定,,,なし,,,,,未確認,要確認,長野県R7-R11計画掲載。入口・代表点未特定。,通行可否・ゲート・路面は現地未確認。,長野県『農山漁村地域整備計画（R7-R11）』 https://www.pref.nagano.lg.jp/ringyo/documents/sinkeikaku2025.pdf,,https://www.pref.nagano.lg.jp/ringyo/documents/sinkeikaku2025.pdf,2026-07-10
NGN-000106,九竜平線,佐久市,東信,次点候補,B,R7-R11,林道改良事業,林道改良事業（改良L=50ｍ）,,,OSM名前一致代表点,36.2367462,138.5730742,あり,unclassified,,,156125459/156125494/156125514,中,要確認,長野県R7-R11計画掲載。OSM名前一致を市町村境界で確認。,通行可否・ゲート・路面は現地未確認。,長野県『農山漁村地域整備計画（R7-R11）』 https://www.pref.nagano.lg.jp/ringyo/documents/sinkeikaku2025.pdf,OpenStreetMap way 156125459（名前一致・市町村境界確認済み）,https://www.pref.nagano.lg.jp/ringyo/documents/sinkeikaku2025.pdf,2026-07-10
NGN-000107,大上線,佐久穂町,東信,次点候補,B,R7-R11,林道改良事業,林道改良事業（改良L=20ｍ）,,,OSM名前一致代表点,36.1389105,138.6002376,あり,unclassified,,,170035476/190659741/190659753/190659755/190659761/190659763/190659764/190659776/190659781/190659805/190659808/190659822,中,要確認,長野県R7-R11計画掲載。OSM名前一致を市町村境界で確認。,通行可否・ゲート・路面は現地未確認。,長野県『農山漁村地域整備計画（R7-R11）』 https://www.pref.nagano.lg.jp/ringyo/documents/sinkeikaku2025.pdf,OpenStreetMap way 170035476（名前一致・市町村境界確認済み）,https://www.pref.nagano.lg.jp/ringyo/documents/sinkeikaku2025.pdf,2026-07-10
NGN-000108,山木1号線,北相木村,東信,位置追加調査,C,R7-R11,林道改良事業,林道改良事業（改良L=32ｍ）,,,位置未特定,,,なし,,,,,未確認,要確認,長野県R7-R11計画掲載。入口・代表点未特定。,通行可否・ゲート・路面は現地未確認。,長野県『農山漁村地域整備計画（R7-R11）』 https://www.pref.nagano.lg.jp/ringyo/documents/sinkeikaku2025.pdf,,https://www.pref.nagano.lg.jp/ringyo/documents/sinkeikaku2025.pdf,2026-07-10
NGN-000109,森泉山線,御代田町,東信,位置追加調査,C,R7-R11,林道改良事業,林道改良事業（改良L=20ｍ）,,,位置未特定,,,なし,,,,,未確認,要確認,長野県R7-R11計画掲載。入口・代表点未特定。,通行可否・ゲート・路面は現地未確認。,長野県『農山漁村地域整備計画（R7-R11）』 https://www.pref.nagano.lg.jp/ringyo/documents/sinkeikaku2025.pdf,,https://www.pref.nagano.lg.jp/ringyo/documents/sinkeikaku2025.pdf,2026-07-10
NGN-000110,大谷霧ヶ原線,阿智村,南信,位置追加調査,C,R7-R11,林道改良事業,"林道改良事業（改良L=2,100ｍ）",,,位置未特定,,,なし,,,,,未確認,要確認,長野県R7-R11計画掲載。入口・代表点未特定。,通行可否・ゲート・路面は現地未確認。,長野県『農山漁村地域整備計画（R7-R11）』 https://www.pref.nagano.lg.jp/ringyo/documents/sinkeikaku2025.pdf,,https://www.pref.nagano.lg.jp/ringyo/documents/sinkeikaku2025.pdf,2026-07-10
NGN-000111,本谷線,豊丘村,南信,位置追加調査,C,R7-R11,林道改良事業 | 林道点検診断・保全整備事業,林道改良事業（改良L=64ｍ） | 点検診断・保全整備（点検診断L=59m） | 点検診断・保全整備（保全整備L=31m）,,,位置未特定,,,なし,,,,,未確認,要確認,長野県R7-R11計画掲載。入口・代表点未特定。,通行可否・ゲート・路面は現地未確認。同名OSM 5件は市町村不一致で除外。,長野県『農山漁村地域整備計画（R7-R11）』 https://www.pref.nagano.lg.jp/ringyo/documents/sinkeikaku2025.pdf,,https://www.pref.nagano.lg.jp/ringyo/documents/sinkeikaku2025.pdf,2026-07-10
NGN-000112,樽沢線,王滝村,中信,位置追加調査,C,R7-R11,林道改良事業,林道改良事業（改良L=12ｍ）,,,位置未特定,,,なし,,,,,未確認,要確認,長野県R7-R11計画掲載。入口・代表点未特定。,通行可否・ゲート・路面は現地未確認。,長野県『農山漁村地域整備計画（R7-R11）』 https://www.pref.nagano.lg.jp/ringyo/documents/sinkeikaku2025.pdf,,https://www.pref.nagano.lg.jp/ringyo/documents/sinkeikaku2025.pdf,2026-07-10
NGN-000113,長峰線,安曇野市,中信,位置追加調査,C,R7-R11,林道改良事業,林道改良事業（改良L=120ｍ）,,,位置未特定,,,なし,,,,,未確認,要確認,長野県R7-R11計画掲載。入口・代表点未特定。,通行可否・ゲート・路面は現地未確認。,長野県『農山漁村地域整備計画（R7-R11）』 https://www.pref.nagano.lg.jp/ringyo/documents/sinkeikaku2025.pdf,,https://www.pref.nagano.lg.jp/ringyo/documents/sinkeikaku2025.pdf,2026-07-10
NGN-000114,中津川線,山ノ内町,北信,位置追加調査,C,R7-R11,林道改良事業,林道改良事業（改良L=8ｍ）,,,位置未特定,,,なし,,,,,未確認,要確認,長野県R7-R11計画掲載。入口・代表点未特定。,通行可否・ゲート・路面は現地未確認。,長野県『農山漁村地域整備計画（R7-R11）』 https://www.pref.nagano.lg.jp/ringyo/documents/sinkeikaku2025.pdf,,https://www.pref.nagano.lg.jp/ringyo/documents/sinkeikaku2025.pdf,2026-07-10
NGN-000115,城山線,佐久市,東信,位置追加調査,C,R7-R11,林道点検診断・保全整備事業,点検診断・保全整備（点検診断L=63m）,,,位置未特定,,,なし,,,,,未確認,要確認,長野県R7-R11計画掲載。入口・代表点未特定。,通行可否・ゲート・路面は現地未確認。,長野県『農山漁村地域整備計画（R7-R11）』 https://www.pref.nagano.lg.jp/ringyo/documents/sinkeikaku2025.pdf,,https://www.pref.nagano.lg.jp/ringyo/documents/sinkeikaku2025.pdf,2026-07-10
NGN-000116,虚空蔵線,上田市,東信,位置追加調査,C,R7-R11,林道点検診断・保全整備事業,点検診断・保全整備（保全整備L=6m）,,,位置未特定,,,なし,,,,,未確認,要確認,長野県R7-R11計画掲載。入口・代表点未特定。,通行可否・ゲート・路面は現地未確認。,長野県『農山漁村地域整備計画（R7-R11）』 https://www.pref.nagano.lg.jp/ringyo/documents/sinkeikaku2025.pdf,,https://www.pref.nagano.lg.jp/ringyo/documents/sinkeikaku2025.pdf,2026-07-10
NGN-000117,氷沢線,上田市,東信,位置追加調査,C,R7-R11,林道点検診断・保全整備事業,点検診断・保全整備（保全整備L=14m）,,,位置未特定,,,なし,,,,,未確認,要確認,長野県R7-R11計画掲載。入口・代表点未特定。,通行可否・ゲート・路面は現地未確認。,長野県『農山漁村地域整備計画（R7-R11）』 https://www.pref.nagano.lg.jp/ringyo/documents/sinkeikaku2025.pdf,,https://www.pref.nagano.lg.jp/ringyo/documents/sinkeikaku2025.pdf,2026-07-10
NGN-000118,和田武石線,上田市,東信,位置追加調査,C,R7-R11,林道点検診断・保全整備事業,点検診断・保全整備（保全整備L=5m）,,,位置未特定,,,なし,,,,,未確認,要確認,長野県R7-R11計画掲載。入口・代表点未特定。,通行可否・ゲート・路面は現地未確認。,長野県『農山漁村地域整備計画（R7-R11）』 https://www.pref.nagano.lg.jp/ringyo/documents/sinkeikaku2025.pdf,,https://www.pref.nagano.lg.jp/ringyo/documents/sinkeikaku2025.pdf,2026-07-10
NGN-000119,沢山線,上田市,東信,位置追加調査,C,R7-R11,林道点検診断・保全整備事業,点検診断・保全整備（点検診断L=27m） | 点検診断・保全整備（点検診断L=82m）,,,位置未特定,,,なし,,,,,未確認,要確認,長野県R7-R11計画掲載。入口・代表点未特定。,通行可否・ゲート・路面は現地未確認。,長野県『農山漁村地域整備計画（R7-R11）』 https://www.pref.nagano.lg.jp/ringyo/documents/sinkeikaku2025.pdf,,https://www.pref.nagano.lg.jp/ringyo/documents/sinkeikaku2025.pdf,2026-07-10
NGN-000120,小横川線,辰野町,南信,位置追加調査,C,R7-R11,林道点検診断・保全整備事業,点検診断・保全整備（点検診断L=39m）,,,位置未特定,,,なし,,,,,未確認,要確認,長野県R7-R11計画掲載。入口・代表点未特定。,通行可否・ゲート・路面は現地未確認。,長野県『農山漁村地域整備計画（R7-R11）』 https://www.pref.nagano.lg.jp/ringyo/documents/sinkeikaku2025.pdf,,https://www.pref.nagano.lg.jp/ringyo/documents/sinkeikaku2025.pdf,2026-07-10
NGN-000121,中樽線,箕輪町,南信,位置追加調査,C,R7-R11,林道点検診断・保全整備事業,点検診断・保全整備（点検診断L=165m）,,,位置未特定,,,なし,,,,,未確認,要確認,長野県R7-R11計画掲載。入口・代表点未特定。,通行可否・ゲート・路面は現地未確認。,長野県『農山漁村地域整備計画（R7-R11）』 https://www.pref.nagano.lg.jp/ringyo/documents/sinkeikaku2025.pdf,,https://www.pref.nagano.lg.jp/ringyo/documents/sinkeikaku2025.pdf,2026-07-10
NGN-000122,野底山線,飯田市,南信,位置追加調査,C,R7-R11,林道点検診断・保全整備事業,点検診断・保全整備（保全整備L=13m） | 点検診断・保全整備（点検診断L=557m）,,,位置未特定,,,なし,,,,,未確認,要確認,長野県R7-R11計画掲載。入口・代表点未特定。,通行可否・ゲート・路面は現地未確認。,長野県『農山漁村地域整備計画（R7-R11）』 https://www.pref.nagano.lg.jp/ringyo/documents/sinkeikaku2025.pdf,,https://www.pref.nagano.lg.jp/ringyo/documents/sinkeikaku2025.pdf,2026-07-10
NGN-000123,鳩打線,飯田市,南信,全県有力候補,A,R7-R11,林道点検診断・保全整備事業,点検診断・保全整備（点検診断L=360m）,,,OSM名前一致代表点,35.5517664,137.7255419,あり,unclassified,gravel,,151293896/151412259/151412261/837276172/854519284/854519295/943679047,強,要確認,長野県R7-R11計画掲載。OSM名前一致を市町村境界で確認。trackまたは未舗装系タグあり。,通行可否・ゲート・路面は現地未確認。,長野県『農山漁村地域整備計画（R7-R11）』 https://www.pref.nagano.lg.jp/ringyo/documents/sinkeikaku2025.pdf,OpenStreetMap way 151412259（名前一致・市町村境界確認済み）,https://www.pref.nagano.lg.jp/ringyo/documents/sinkeikaku2025.pdf,2026-07-10
NGN-000124,千遠線,飯田市,南信,位置追加調査,C,R7-R11,林道点検診断・保全整備事業,点検診断・保全整備（点検診断L=350m）,,,位置未特定,,,なし,,,,,未確認,要確認,長野県R7-R11計画掲載。入口・代表点未特定。,通行可否・ゲート・路面は現地未確認。,長野県『農山漁村地域整備計画（R7-R11）』 https://www.pref.nagano.lg.jp/ringyo/documents/sinkeikaku2025.pdf,,https://www.pref.nagano.lg.jp/ringyo/documents/sinkeikaku2025.pdf,2026-07-10
NGN-000125,松川入線,飯田市,南信,次点候補,B,R7-R11,林道点検診断・保全整備事業,点検診断・保全整備（点検診断L=463m）,,,OSM名前一致代表点,35.5728515,137.7623694,あり,unclassified/track,,,151412226/151546931/151547074/151547134,中,要確認,長野県R7-R11計画掲載。OSM名前一致を市町村境界で確認。,通行可否・ゲート・路面は現地未確認。,長野県『農山漁村地域整備計画（R7-R11）』 https://www.pref.nagano.lg.jp/ringyo/documents/sinkeikaku2025.pdf,OpenStreetMap way 151547134（名前一致・市町村境界確認済み）,https://www.pref.nagano.lg.jp/ringyo/documents/sinkeikaku2025.pdf,2026-07-10
NGN-000126,畑の沢線,飯田市,南信,位置追加調査,C,R7-R11,林道点検診断・保全整備事業,点検診断・保全整備（保全整備L=6m）,,,位置未特定,,,なし,,,,,未確認,要確認,長野県R7-R11計画掲載。入口・代表点未特定。,通行可否・ゲート・路面は現地未確認。,長野県『農山漁村地域整備計画（R7-R11）』 https://www.pref.nagano.lg.jp/ringyo/documents/sinkeikaku2025.pdf,,https://www.pref.nagano.lg.jp/ringyo/documents/sinkeikaku2025.pdf,2026-07-10
NGN-000127,松川線,松川町,南信,位置追加調査,C,R7-R11,林道点検診断・保全整備事業,点検診断・保全整備（点検診断L=335m）,,,位置未特定,,,なし,,,,,未確認,要確認,長野県R7-R11計画掲載。入口・代表点未特定。,通行可否・ゲート・路面は現地未確認。,長野県『農山漁村地域整備計画（R7-R11）』 https://www.pref.nagano.lg.jp/ringyo/documents/sinkeikaku2025.pdf,,https://www.pref.nagano.lg.jp/ringyo/documents/sinkeikaku2025.pdf,2026-07-10
NGN-000128,弓矢沢線,高森町,南信,位置追加調査,C,R7-R11,林道点検診断・保全整備事業,点検診断・保全整備（点検診断L=92m）,,,位置未特定,,,なし,,,,,未確認,要確認,長野県R7-R11計画掲載。入口・代表点未特定。,通行可否・ゲート・路面は現地未確認。,長野県『農山漁村地域整備計画（R7-R11）』 https://www.pref.nagano.lg.jp/ringyo/documents/sinkeikaku2025.pdf,,https://www.pref.nagano.lg.jp/ringyo/documents/sinkeikaku2025.pdf,2026-07-10
NGN-000129,忍沢線,阿智村,南信,位置追加調査,C,R7-R11,林道点検診断・保全整備事業,点検診断・保全整備（点検診断L=76m）,,,位置未特定,,,なし,,,,,未確認,要確認,長野県R7-R11計画掲載。入口・代表点未特定。,通行可否・ゲート・路面は現地未確認。,長野県『農山漁村地域整備計画（R7-R11）』 https://www.pref.nagano.lg.jp/ringyo/documents/sinkeikaku2025.pdf,,https://www.pref.nagano.lg.jp/ringyo/documents/sinkeikaku2025.pdf,2026-07-10
NGN-000130,鳥城線,阿智村,南信,位置追加調査,C,R7-R11,林道点検診断・保全整備事業,点検診断・保全整備（点検診断L=141m）,,,位置未特定,,,なし,,,,,未確認,要確認,長野県R7-R11計画掲載。入口・代表点未特定。,通行可否・ゲート・路面は現地未確認。,長野県『農山漁村地域整備計画（R7-R11）』 https://www.pref.nagano.lg.jp/ringyo/documents/sinkeikaku2025.pdf,,https://www.pref.nagano.lg.jp/ringyo/documents/sinkeikaku2025.pdf,2026-07-10
NGN-000131,小河内川線,天龍村,南信,位置追加調査,C,R7-R11,林道点検診断・保全整備事業,点検診断・保全整備（点検診断L=463m）,,,位置未特定,,,なし,,,,,未確認,要確認,長野県R7-R11計画掲載。入口・代表点未特定。,通行可否・ゲート・路面は現地未確認。同名OSM 12件は市町村不一致で除外。,長野県『農山漁村地域整備計画（R7-R11）』 https://www.pref.nagano.lg.jp/ringyo/documents/sinkeikaku2025.pdf,,https://www.pref.nagano.lg.jp/ringyo/documents/sinkeikaku2025.pdf,2026-07-10
NGN-000132,外山線,根羽村,南信,位置追加調査,C,R7-R11,林道点検診断・保全整備事業,点検診断・保全整備（点検診断L=214m）,,,位置未特定,,,なし,,,,,未確認,要確認,長野県R7-R11計画掲載。入口・代表点未特定。,通行可否・ゲート・路面は現地未確認。,長野県『農山漁村地域整備計画（R7-R11）』 https://www.pref.nagano.lg.jp/ringyo/documents/sinkeikaku2025.pdf,,https://www.pref.nagano.lg.jp/ringyo/documents/sinkeikaku2025.pdf,2026-07-10
NGN-000133,極楽峠線,下條村,南信,次点候補,B,R7-R11,林道点検診断・保全整備事業,点検診断・保全整備（点検診断L=204m）,,,OSM名前一致代表点,35.3831122,137.7331861,あり,unclassified,,grade1,112754871/122733725/122733936/122734139/122734219,中,要確認,長野県R7-R11計画掲載。OSM名前一致を市町村境界で確認。,通行可否・ゲート・路面は現地未確認。,長野県『農山漁村地域整備計画（R7-R11）』 https://www.pref.nagano.lg.jp/ringyo/documents/sinkeikaku2025.pdf,OpenStreetMap way 112754871（名前一致・市町村境界確認済み）,https://www.pref.nagano.lg.jp/ringyo/documents/sinkeikaku2025.pdf,2026-07-10
NGN-000134,大島氏乗線,喬木村,南信,次点候補,B,R7-R11,林道点検診断・保全整備事業,点検診断・保全整備（点検診断L=236m）,,,OSM名前一致代表点,35.4876066,137.9548843,あり,unclassified,,,112927668/112928183/1055868709/1055868710/1055869086/1055869087,中,要確認,長野県R7-R11計画掲載。OSM名前一致を市町村境界で確認。,通行可否・ゲート・路面は現地未確認。,長野県『農山漁村地域整備計画（R7-R11）』 https://www.pref.nagano.lg.jp/ringyo/documents/sinkeikaku2025.pdf,OpenStreetMap way 112927668（名前一致・市町村境界確認済み）,https://www.pref.nagano.lg.jp/ringyo/documents/sinkeikaku2025.pdf,2026-07-10
NGN-000135,大島虻川線,豊丘村,南信,位置追加調査,C,R7-R11,林道点検診断・保全整備事業,点検診断・保全整備（点検診断L=78m） | 点検診断・保全整備（保全整備L=15m）,,,位置未特定,,,なし,,,,,未確認,要確認,長野県R7-R11計画掲載。入口・代表点未特定。,通行可否・ゲート・路面は現地未確認。,長野県『農山漁村地域整備計画（R7-R11）』 https://www.pref.nagano.lg.jp/ringyo/documents/sinkeikaku2025.pdf,,https://www.pref.nagano.lg.jp/ringyo/documents/sinkeikaku2025.pdf,2026-07-10
NGN-000136,郷士沢線,豊丘村,南信,位置追加調査,C,R7-R11,林道点検診断・保全整備事業,点検診断・保全整備（点検診断L=11m）,,,位置未特定,,,なし,,,,,未確認,要確認,長野県R7-R11計画掲載。入口・代表点未特定。,通行可否・ゲート・路面は現地未確認。,長野県『農山漁村地域整備計画（R7-R11）』 https://www.pref.nagano.lg.jp/ringyo/documents/sinkeikaku2025.pdf,,https://www.pref.nagano.lg.jp/ringyo/documents/sinkeikaku2025.pdf,2026-07-10
NGN-000137,大畑線,上松町,中信,位置追加調査,C,R7-R11,林道点検診断・保全整備事業,点検診断・保全整備（保全整備L=18m） | 点検診断・保全整備（点検診断L=226m）,,,位置未特定,,,なし,,,,,未確認,要確認,長野県R7-R11計画掲載。入口・代表点未特定。,通行可否・ゲート・路面は現地未確認。,長野県『農山漁村地域整備計画（R7-R11）』 https://www.pref.nagano.lg.jp/ringyo/documents/sinkeikaku2025.pdf,,https://www.pref.nagano.lg.jp/ringyo/documents/sinkeikaku2025.pdf,2026-07-10
NGN-000138,川向梛野線,南木曽町,中信,位置追加調査,C,R7-R11,林道点検診断・保全整備事業,点検診断・保全整備（点検診断L=745m） | 点検診断・保全整備（点検診断L=188m）,,,位置未特定,,,なし,,,,,未確認,要確認,長野県R7-R11計画掲載。入口・代表点未特定。,通行可否・ゲート・路面は現地未確認。,長野県『農山漁村地域整備計画（R7-R11）』 https://www.pref.nagano.lg.jp/ringyo/documents/sinkeikaku2025.pdf,,https://www.pref.nagano.lg.jp/ringyo/documents/sinkeikaku2025.pdf,2026-07-10
NGN-000139,長根線,南木曽町,中信,位置追加調査,C,R7-R11,林道点検診断・保全整備事業,点検診断・保全整備（点検診断L=160m）,,,位置未特定,,,なし,,,,,未確認,要確認,長野県R7-R11計画掲載。入口・代表点未特定。,通行可否・ゲート・路面は現地未確認。,長野県『農山漁村地域整備計画（R7-R11）』 https://www.pref.nagano.lg.jp/ringyo/documents/sinkeikaku2025.pdf,,https://www.pref.nagano.lg.jp/ringyo/documents/sinkeikaku2025.pdf,2026-07-10
NGN-000140,洞ノ沢線,木曽町,中信,位置追加調査,C,R7-R11,林道点検診断・保全整備事業,点検診断・保全整備（点検診断L=132m）,,,位置未特定,,,なし,,,,,未確認,要確認,長野県R7-R11計画掲載。入口・代表点未特定。,通行可否・ゲート・路面は現地未確認。,長野県『農山漁村地域整備計画（R7-R11）』 https://www.pref.nagano.lg.jp/ringyo/documents/sinkeikaku2025.pdf,,https://www.pref.nagano.lg.jp/ringyo/documents/sinkeikaku2025.pdf,2026-07-10
NGN-000141,東又線,木曽町,中信,位置追加調査,C,R7-R11,林道点検診断・保全整備事業,点検診断・保全整備（保全整備L=5m）,,,位置未特定,,,なし,,,,,未確認,要確認,長野県R7-R11計画掲載。入口・代表点未特定。,通行可否・ゲート・路面は現地未確認。,長野県『農山漁村地域整備計画（R7-R11）』 https://www.pref.nagano.lg.jp/ringyo/documents/sinkeikaku2025.pdf,,https://www.pref.nagano.lg.jp/ringyo/documents/sinkeikaku2025.pdf,2026-07-10
NGN-000142,小曽部線,塩尻市,中信,位置追加調査,C,R7-R11,林道点検診断・保全整備事業,点検診断・保全整備（保全整備L=7m）,,,位置未特定,,,なし,,,,,未確認,要確認,長野県R7-R11計画掲載。入口・代表点未特定。,通行可否・ゲート・路面は現地未確認。,長野県『農山漁村地域整備計画（R7-R11）』 https://www.pref.nagano.lg.jp/ringyo/documents/sinkeikaku2025.pdf,,https://www.pref.nagano.lg.jp/ringyo/documents/sinkeikaku2025.pdf,2026-07-10
NGN-000143,栃平線,筑北村,中信,位置追加調査,C,R7-R11,林道点検診断・保全整備事業,点検診断・保全整備（点検診断L=86m）,,,位置未特定,,,なし,,,,,未確認,要確認,長野県R7-R11計画掲載。入口・代表点未特定。,通行可否・ゲート・路面は現地未確認。,長野県『農山漁村地域整備計画（R7-R11）』 https://www.pref.nagano.lg.jp/ringyo/documents/sinkeikaku2025.pdf,,https://www.pref.nagano.lg.jp/ringyo/documents/sinkeikaku2025.pdf,2026-07-10
NGN-000144,上和桐山線,小川村,北信,位置追加調査,C,R7-R11,林道点検診断・保全整備事業,点検診断・保全整備（点検診断L=28m）,,,位置未特定,,,なし,,,,,未確認,要確認,長野県R7-R11計画掲載。入口・代表点未特定。,通行可否・ゲート・路面は現地未確認。,長野県『農山漁村地域整備計画（R7-R11）』 https://www.pref.nagano.lg.jp/ringyo/documents/sinkeikaku2025.pdf,,https://www.pref.nagano.lg.jp/ringyo/documents/sinkeikaku2025.pdf,2026-07-10
