林道名,関係市町村,計画期間,事業型,事業内容,工期,総事業費千円,ほか表記,資料ページ,行政出典URL,確認日
矢筈線,飯田市,H22-H26,育成林整備事業,流域育成林整備事業（林道開設）,H22,42000,なし,1,https://www.pref.nagano.lg.jp/ringyo/documents/kyukeikaku.pdf,2026-07-10
西部線,辰野町,H22-H26,林道改良事業,林道改良統合補助事業（改良）,H22～H25,23056,なし,1,https://www.pref.nagano.lg.jp/ringyo/documents/kyukeikaku.pdf,2026-07-10
宮沢線,安曇野市,H22-H26,育成林整備事業フォレスト,育成林整備事業（林道開設）,H23～H24,57300,なし,1,https://www.pref.nagano.lg.jp/ringyo/documents/kyukeikaku.pdf,2026-07-10
長谷高遠線,伊那市,H22-H26,コミュニティ総合整備フ事ォ業レスト,フォレストコミュニティ総合整備事,H22～H26,450000,なし,1,https://www.pref.nagano.lg.jp/ringyo/documents/kyukeikaku.pdf,2026-07-10
高森山線,大鹿村,H22-H26,コミュニティ総合整備フ事ォ業レスト,フ業ォ（レ林ス道ト開コ設ミ）ュニティ総合整備事,H22～H26,250000,なし,1,https://www.pref.nagano.lg.jp/ringyo/documents/kyukeikaku.pdf,2026-07-10
白馬小谷東山線,小谷村,H22-H26,コミュニティ総合整備事業,フ業ォ（レ林ス道ト開コ設ミ）ュニティ総合整備事,H22～H26,400000,なし,1,https://www.pref.nagano.lg.jp/ringyo/documents/kyukeikaku.pdf,2026-07-10
鳥倉線,大鹿村,H22-H26,林道改良事業,林業道（改林良道事開業設（）改良）,H22～H26,135600,なし,1,https://www.pref.nagano.lg.jp/ringyo/documents/kyukeikaku.pdf,2026-07-10
中峰黒川線,大鹿村,H22-H26,林道改良事業,林道改良事業（改良）,H22～H26,150000,なし,1,https://www.pref.nagano.lg.jp/ringyo/documents/kyukeikaku.pdf,2026-07-10
中峰黒川線,大鹿村,H22-H26,林道改良事業,林道改良事業（舗装）,H22～H23,49130,なし,1,https://www.pref.nagano.lg.jp/ringyo/documents/kyukeikaku.pdf,2026-07-10
熊沢幸沢線,木曽町,H22-H26,林道改良事業,林道改良事業（改良）,H22～H26,30000,なし,1,https://www.pref.nagano.lg.jp/ringyo/documents/kyukeikaku.pdf,2026-07-10
烏川線,安曇野市,H22-H26,林道改良事業,林道改良事業（改良）,H22～H24,89600,なし,1,https://www.pref.nagano.lg.jp/ringyo/documents/kyukeikaku.pdf,2026-07-10
秋山線,栄村,H22-H26,林道改良事業,林道改良事業（改良）,H22～H24,29000,なし,1,https://www.pref.nagano.lg.jp/ringyo/documents/kyukeikaku.pdf,2026-07-10
千代田湖枯木線,伊那市,H22-H26,林道改良事業,林道改良事業（改良・舗装）,H22～H26,60000,なし,2,https://www.pref.nagano.lg.jp/ringyo/documents/kyukeikaku.pdf,2026-07-10
小河内線,中川村,H22-H26,林道改良事業,林道改良事業（改良）,H22～H24,54700,なし,2,https://www.pref.nagano.lg.jp/ringyo/documents/kyukeikaku.pdf,2026-07-10
御池山線,飯田市,H22-H26,林道改良事業,林道改良事業（改良）,H22,30780,なし,2,https://www.pref.nagano.lg.jp/ringyo/documents/kyukeikaku.pdf,2026-07-10
大沢線,阿南町,H22-H26,林道改良事業,林道改良事業（改良）,H22,19862,なし,2,https://www.pref.nagano.lg.jp/ringyo/documents/kyukeikaku.pdf,2026-07-10
虫川新野線,天龍村,H22-H26,林道改良事業,林道改良事業（舗装）,H22～H26,140000,なし,2,https://www.pref.nagano.lg.jp/ringyo/documents/kyukeikaku.pdf,2026-07-10
横根山線,飯島町,H22-H26,林道改良事業,林道改良事業（改良）,H23～H24,39800,なし,2,https://www.pref.nagano.lg.jp/ringyo/documents/kyukeikaku.pdf,2026-07-10
白坂砥石沢線,筑北村,H22-H26,林道改良事業,林道改良事業（改良）,H23,14740,なし,2,https://www.pref.nagano.lg.jp/ringyo/documents/kyukeikaku.pdf,2026-07-10
細野線,白馬村,H22-H26,林道改良事業,林道改良事業（改良）,H23～H26,55000,なし,2,https://www.pref.nagano.lg.jp/ringyo/documents/kyukeikaku.pdf,2026-07-10
北野線,長野県,H22-H26,林道改良事業,林道改良事業（改良）,H23,9219,なし,2,https://www.pref.nagano.lg.jp/ringyo/documents/kyukeikaku.pdf,2026-07-10
大池線,小谷村,H22-H26,林道改良事業,林道改良事業（改良）,H23～H26,120000,なし,2,https://www.pref.nagano.lg.jp/ringyo/documents/kyukeikaku.pdf,2026-07-10
天白高烏谷線,駒ヶ根市,H22-H26,育成林整備事業,育成林整備事業（林道開設）,H22～H26,100400,なし,2,https://www.pref.nagano.lg.jp/ringyo/documents/kyukeikaku.pdf,2026-07-10
伊藤線,飯田市,H22-H26,育成林整備事業,育成林整備事業（林道開設）,H22～H26,153300,なし,2,https://www.pref.nagano.lg.jp/ringyo/documents/kyukeikaku.pdf,2026-07-10
宮坂線,長野市,H22-H26,育成林整備事業,育成林整備事業（林道開設）,H22～H26,100000,なし,2,https://www.pref.nagano.lg.jp/ringyo/documents/kyukeikaku.pdf,2026-07-10
古城線,駒ヶ根市,H22-H26,林道改良事業,林道改良事業（改良）,H24～H26,91760,なし,2,https://www.pref.nagano.lg.jp/ringyo/documents/kyukeikaku.pdf,2026-07-10
陣馬形線,中川村,H22-H26,林道改良事業,林道改良事業（改良・舗装）,H24～H25,41600,なし,2,https://www.pref.nagano.lg.jp/ringyo/documents/kyukeikaku.pdf,2026-07-10
黒牛折草峠線,中川村,H22-H26,林道改良事業,林道改良事業（舗装）,H24,23800,なし,2,https://www.pref.nagano.lg.jp/ringyo/documents/kyukeikaku.pdf,2026-07-10
万古川線,泰阜村,H22-H26,林道改良事業,林道改良事業（改良）,H24～H26,43000,なし,2,https://www.pref.nagano.lg.jp/ringyo/documents/kyukeikaku.pdf,2026-07-10
池の平大原線,木祖村,H22-H26,林道改良事業,林道改良事業（改良）,H24～H26,40000,なし,2,https://www.pref.nagano.lg.jp/ringyo/documents/kyukeikaku.pdf,2026-07-10
床並線,木祖村,H22-H26,林道改良事業,林道改良事業（改良）,H24～H26,30000,なし,2,https://www.pref.nagano.lg.jp/ringyo/documents/kyukeikaku.pdf,2026-07-10
清水平線,木島平村,H22-H26,林道改良事業,林道改良事業（改良）,H24,9900,なし,2,https://www.pref.nagano.lg.jp/ringyo/documents/kyukeikaku.pdf,2026-07-10
東沢線,飯田市,H22-H26,林道改良事業,林道改良事業（改良）,H24,41500,なし,2,https://www.pref.nagano.lg.jp/ringyo/documents/kyukeikaku.pdf,2026-07-10
赤石線,飯田市,H22-H26,林道改良事業,林道改良事業（改良）,H24～H26,72200,なし,2,https://www.pref.nagano.lg.jp/ringyo/documents/kyukeikaku.pdf,2026-07-10
高町線,飯田市,H22-H26,林道改良事業,林道改良事業（改良）,H24,31100,なし,2,https://www.pref.nagano.lg.jp/ringyo/documents/kyukeikaku.pdf,2026-07-10
早稲田木曽畑線,阿南町,H22-H26,林道改良事業,林道改良事業（改良）,H24～H26,100000,なし,2,https://www.pref.nagano.lg.jp/ringyo/documents/kyukeikaku.pdf,2026-07-10
売木うつぼ線,阿南町,H22-H26,林道改良事業,林道改良事業（改良）,H24～H26,85000,なし,2,https://www.pref.nagano.lg.jp/ringyo/documents/kyukeikaku.pdf,2026-07-10
虻川線,豊丘村,H22-H26,林道改良事業,林道改良事業（改良）,H24,15500,なし,2,https://www.pref.nagano.lg.jp/ringyo/documents/kyukeikaku.pdf,2026-07-10
虻川線,豊丘村,H22-H26,林道改良事業,林道改良事業（舗装）,H24～H26,70000,なし,2,https://www.pref.nagano.lg.jp/ringyo/documents/kyukeikaku.pdf,2026-07-10
虫川新野峠線,天龍村,H22-H26,林道改良事業,林道改良事業（改良）,H24,30200,なし,2,https://www.pref.nagano.lg.jp/ringyo/documents/kyukeikaku.pdf,2026-07-10
塩沢線,木祖村,H22-H26,林道改良事業,林道改良事業（舗装）,H24～H26,110000,なし,2,https://www.pref.nagano.lg.jp/ringyo/documents/kyukeikaku.pdf,2026-07-10
黒川線,小谷村,H22-H26,林道改良事業,林道改良事業（改良）,H24,11100,なし,2,https://www.pref.nagano.lg.jp/ringyo/documents/kyukeikaku.pdf,2026-07-10
間沢川線,松川町,H22-H26,林道改良事業,林道改良事業（改良）,H24～H26,50000,なし,2,https://www.pref.nagano.lg.jp/ringyo/documents/kyukeikaku.pdf,2026-07-10
鉢盛山線,朝日村,H22-H26,林道改良事業,林道改良事業（改良）,H24～H26,140000,なし,2,https://www.pref.nagano.lg.jp/ringyo/documents/kyukeikaku.pdf,2026-07-10
中日影線,高山村,H22-H26,林道改良事業,林道改良事業（改良）,H24,10700,なし,2,https://www.pref.nagano.lg.jp/ringyo/documents/kyukeikaku.pdf,2026-07-10
佐野山線,千曲市,H22-H26,林道改良事業,林道改良事業（舗装）,H24～H26,36000,なし,2,https://www.pref.nagano.lg.jp/ringyo/documents/kyukeikaku.pdf,2026-07-10
釜沢線,大鹿村,H22-H26,林道改良事業,林道改良事業（改良）,H24～H26,50000,なし,2,https://www.pref.nagano.lg.jp/ringyo/documents/kyukeikaku.pdf,2026-07-10
堂ヶ入線,山形村,H22-H26,林道改良事業,林道改良事業（改良）,H25～H26,65000,なし,2,https://www.pref.nagano.lg.jp/ringyo/documents/kyukeikaku.pdf,2026-07-10
黒川線,松本市,H22-H26,林道改良事業,林道改良事業（改良）,H25～H26,25000,なし,2,https://www.pref.nagano.lg.jp/ringyo/documents/kyukeikaku.pdf,2026-07-10
南アルプス線,伊那市,H22-H26,林道改良事業,林道改良事業（改良）,H26,35000,なし,2,https://www.pref.nagano.lg.jp/ringyo/documents/kyukeikaku.pdf,2026-07-10
八久保峠線,木曽町,H22-H26,林道改良事業,林道改良事業（改良）,H26,25000,なし,3,https://www.pref.nagano.lg.jp/ringyo/documents/kyukeikaku.pdf,2026-07-10
湯ノ原線,松本市,H22-H26,林道改良事業,林道改良事業（改良）,H26,20000,なし,3,https://www.pref.nagano.lg.jp/ringyo/documents/kyukeikaku.pdf,2026-07-10
片丘南部線,塩尻市,H22-H26,育成林整備事業,育成林整備事業（林道開設）,H26,40000,なし,3,https://www.pref.nagano.lg.jp/ringyo/documents/kyukeikaku.pdf,2026-07-10
中原入線,千曲市,H22-H26,林道改良事業,林道改良事業（舗装）,H26,30000,なし,3,https://www.pref.nagano.lg.jp/ringyo/documents/kyukeikaku.pdf,2026-07-10
妙高小谷線,小谷村,H22-H26,林道改良事業,林道改良事業（改良）,H26,30000,なし,3,https://www.pref.nagano.lg.jp/ringyo/documents/kyukeikaku.pdf,2026-07-10
烏川線,安曇野市,H22-H26,,林道改良事業（改良）,H24,26500,なし,3,https://www.pref.nagano.lg.jp/ringyo/documents/kyukeikaku.pdf,2026-07-10
秋山線,栄村,H22-H26,,林道改良事業（改良）,H24～H26,55000,なし,3,https://www.pref.nagano.lg.jp/ringyo/documents/kyukeikaku.pdf,2026-07-10
横根山線,飯島町,H22-H26,,林道改良事業（改良）,H24～H26,60000,なし,3,https://www.pref.nagano.lg.jp/ringyo/documents/kyukeikaku.pdf,2026-07-10
陣馬形線,中川村,H22-H26,,林道改良事業（舗装）,H24～H26,110000,なし,3,https://www.pref.nagano.lg.jp/ringyo/documents/kyukeikaku.pdf,2026-07-10
黒牛折草峠線,中川村,H22-H26,,林道改良事業（舗装）,H24～H26,85000,なし,3,https://www.pref.nagano.lg.jp/ringyo/documents/kyukeikaku.pdf,2026-07-10
清水平線,木島平村,H22-H26,,林道改良事業（改良）,H24～H26,60000,なし,3,https://www.pref.nagano.lg.jp/ringyo/documents/kyukeikaku.pdf,2026-07-10
長谷高遠線,伊那市,H27-H31,フォレストコミュニティ総合整備事業,フォレストコミュニティ総合整備事業（林道開設）,H27～H31,500000,なし,1,https://www.pref.nagano.lg.jp/ringyo/documents/keikaku01.pdf,2026-07-10
高森山線,大鹿村,H27-H31,フォレストコミュニティ総合整備事業,フォレストコミュニティ総合整備事業（林道開設）,H27～H31,160000,なし,1,https://www.pref.nagano.lg.jp/ringyo/documents/keikaku01.pdf,2026-07-10
天白高烏谷線,駒ヶ根市,H27-H31,育成林整備事業,育成林整備事業（林道開設）,H27～H31,99500,なし,1,https://www.pref.nagano.lg.jp/ringyo/documents/keikaku01.pdf,2026-07-10
千代田湖枯木線,伊那市,H27-H31,林道改良事業,林道改良事業（改良）,H27～H30,48400,なし,1,https://www.pref.nagano.lg.jp/ringyo/documents/keikaku01.pdf,2026-07-10
古城線,駒ヶ根市,H27-H31,林道改良事業,林道改良事業（改良）,H27～H30,58800,なし,1,https://www.pref.nagano.lg.jp/ringyo/documents/keikaku01.pdf,2026-07-10
南アルプス線,伊那市,H27-H31,林道改良事業,林道改良事業（改良）,H27～H30,107400,なし,1,https://www.pref.nagano.lg.jp/ringyo/documents/keikaku01.pdf,2026-07-10
陣馬形線,中川村,H27-H31,林道改良事業,林道改良事業（改良）,H27～H30,43300,なし,1,https://www.pref.nagano.lg.jp/ringyo/documents/keikaku01.pdf,2026-07-10
間沢川線,松川町,H27-H31,林道改良事業,林道改良事業（改良）,H27,13500,なし,1,https://www.pref.nagano.lg.jp/ringyo/documents/keikaku01.pdf,2026-07-10
桧沢和合路線,飯田市,H27-H31,林道改良事業,林道改良事業（改良）,H27～H28,35400,なし,1,https://www.pref.nagano.lg.jp/ringyo/documents/keikaku01.pdf,2026-07-10
万古川線,泰阜村,H27-H31,林道改良事業,林道改良事業（改良）,H27～H29,33000,なし,1,https://www.pref.nagano.lg.jp/ringyo/documents/keikaku01.pdf,2026-07-10
中峰黒川線,大鹿村,H27-H31,林道改良事業,林道改良事業（改良）,H27～H29,115412,なし,1,https://www.pref.nagano.lg.jp/ringyo/documents/keikaku01.pdf,2026-07-10
押の沢線,飯田市,H27-H31,林道改良事業,林道改良事業（改良）,H27,18500,なし,1,https://www.pref.nagano.lg.jp/ringyo/documents/keikaku01.pdf,2026-07-10
鳥倉線,大鹿村,H27-H31,林道改良事業,林道改良事業（改良）,H27～H31,97000,なし,2,https://www.pref.nagano.lg.jp/ringyo/documents/keikaku01.pdf,2026-07-10
釜沢線,大鹿村,H27-H31,林道改良事業,林道改良事業（改良）,H27,10100,なし,2,https://www.pref.nagano.lg.jp/ringyo/documents/keikaku01.pdf,2026-07-10
虫川新野峠線,天龍村,H27-H31,林道改良事業,林道改良事業（改良）,H27～H28,20000,なし,2,https://www.pref.nagano.lg.jp/ringyo/documents/keikaku01.pdf,2026-07-10
虫川新野線,天龍村,H27-H31,林道改良事業,林道改良事業（舗装）,H27～H31,152000,なし,2,https://www.pref.nagano.lg.jp/ringyo/documents/keikaku01.pdf,2026-07-10
塩沢線,木祖村,H27-H31,林道改良事業,林道改良事業（舗装）,H27～H29,43000,なし,2,https://www.pref.nagano.lg.jp/ringyo/documents/keikaku01.pdf,2026-07-10
栗の木線,松本市,H27-H31,育成林整備事業,育成林整備事業（林道開設）,H27～H28,38700,なし,2,https://www.pref.nagano.lg.jp/ringyo/documents/keikaku01.pdf,2026-07-10
高遠線,松本市,H27-H31,育成林整備事業,育成林整備事業（林道開設）,H27～H31,103186,なし,2,https://www.pref.nagano.lg.jp/ringyo/documents/keikaku01.pdf,2026-07-10
美ヶ原線,松本市,H27-H31,林道改良事業,林道改良事業（改良）,H27～H31,106300,なし,2,https://www.pref.nagano.lg.jp/ringyo/documents/keikaku01.pdf,2026-07-10
奈川安曇線,松本市,H27-H31,林道改良事業,林道改良事業（改良）,H27～H31,320900,なし,2,https://www.pref.nagano.lg.jp/ringyo/documents/keikaku01.pdf,2026-07-10
湯ノ原線,松本市,H27-H31,林道改良事業,林道改良事業（改良）,H27～H30,60250,なし,2,https://www.pref.nagano.lg.jp/ringyo/documents/keikaku01.pdf,2026-07-10
片丘南部線,塩尻市,H27-H31,育成林整備事業,育成林整備事業（林道開設）,H27,38500,なし,2,https://www.pref.nagano.lg.jp/ringyo/documents/keikaku01.pdf,2026-07-10
雲根線,生坂村,H27-H31,林道改良事業,林道改良事業（改良）,H27,12700,なし,2,https://www.pref.nagano.lg.jp/ringyo/documents/keikaku01.pdf,2026-07-10
宮坂線,長野市,H27-H31,育成林整備事業,育成林整備事業（林道開設）,H27,23100,なし,2,https://www.pref.nagano.lg.jp/ringyo/documents/keikaku01.pdf,2026-07-10
佐野山線,千曲市,H27-H31,林道改良事業,林道改良事業（舗装）,H27,3100,なし,2,https://www.pref.nagano.lg.jp/ringyo/documents/keikaku01.pdf,2026-07-10
中原入線,千曲市,H27-H31,林道改良事業,林道改良事業（舗装）,H27～H30,22500,なし,2,https://www.pref.nagano.lg.jp/ringyo/documents/keikaku01.pdf,2026-07-10
清水平線,木島平村,H27-H31,林道改良事業,林道改良事業（改良）,H27～H28,19800,なし,2,https://www.pref.nagano.lg.jp/ringyo/documents/keikaku01.pdf,2026-07-10
秋山線,栄村,H27-H31,林道改良事業,林道改良事業（改良）,H27～H28,54500,なし,2,https://www.pref.nagano.lg.jp/ringyo/documents/keikaku01.pdf,2026-07-10
熊沢幸沢線,木祖村,H27-H31,林道改良事業,林道改良事業（改良）,H28～H29,29600,なし,2,https://www.pref.nagano.lg.jp/ringyo/documents/keikaku01.pdf,2026-07-10
一ノ沢線,安曇野市,H27-H31,林道改良事業,林道改良事業（改良）,H28,18600,なし,2,https://www.pref.nagano.lg.jp/ringyo/documents/keikaku01.pdf,2026-07-10
烏川線,安曇野市,H27-H31,林道改良事業,林道改良事業（改良）,H28～H30,93900,なし,2,https://www.pref.nagano.lg.jp/ringyo/documents/keikaku01.pdf,2026-07-10
長谷高遠線,伊那市,H27-H31第2回変更,フォレストコミュニティ総合整備事業,フォレストコミュニティ総合整備事業（林道開設）,H27～H31,480000,なし,1,https://www.pref.nagano.lg.jp/ringyo/documents/henkou2.pdf,2026-07-10
高森山線,大鹿村,H27-H31第2回変更,フォレストコミュニティ総合整備事業,フォレストコミュニティ総合整備事業（林道開設）,H27～H31,148500,なし,1,https://www.pref.nagano.lg.jp/ringyo/documents/henkou2.pdf,2026-07-10
高平線,飯田市,H27-H31第2回変更,育成林整備事業,育成林整備事業（林道開設）,H29～H31,60000,なし,1,https://www.pref.nagano.lg.jp/ringyo/documents/henkou2.pdf,2026-07-10
天白高烏谷線,駒ヶ根市,H27-H31第2回変更,育成林整備事業,育成林整備事業（林道開設）,H27～H31,99500,なし,1,https://www.pref.nagano.lg.jp/ringyo/documents/henkou2.pdf,2026-07-10
千代田湖枯木線,伊那市,H27-H31第2回変更,林道改良事業,林道改良事業（改良）,H27～H30,48400,なし,1,https://www.pref.nagano.lg.jp/ringyo/documents/henkou2.pdf,2026-07-10
古城線,駒ヶ根市,H27-H31第2回変更,林道改良事業,林道改良事業（改良）,H27～H30,58800,なし,1,https://www.pref.nagano.lg.jp/ringyo/documents/henkou2.pdf,2026-07-10
南アルプス線,伊那市,H27-H31第2回変更,林道改良事業,林道改良事業（改良）,H27～H30,97200,なし,1,https://www.pref.nagano.lg.jp/ringyo/documents/henkou2.pdf,2026-07-10
陣馬形線,中川村,H27-H31第2回変更,林道改良事業,林道改良事業（改良）,H27～H30,43300,なし,1,https://www.pref.nagano.lg.jp/ringyo/documents/henkou2.pdf,2026-07-10
銭峯線,中川村,H27-H31第2回変更,林道改良事業,林道改良事業（改良）,Ｈ29～31,20200,なし,1,https://www.pref.nagano.lg.jp/ringyo/documents/henkou2.pdf,2026-07-10
間沢川線,松川町,H27-H31第2回変更,林道改良事業,林道改良事業（改良）,H27,13500,なし,1,https://www.pref.nagano.lg.jp/ringyo/documents/henkou2.pdf,2026-07-10
桧沢和合路線,飯田市,H27-H31第2回変更,林道改良事業,林道改良事業（改良）,H27～H29,35400,なし,1,https://www.pref.nagano.lg.jp/ringyo/documents/henkou2.pdf,2026-07-10
万古川線,泰阜村,H27-H31第2回変更,林道改良事業,林道改良事業（改良）,H27～H30,44000,なし,1,https://www.pref.nagano.lg.jp/ringyo/documents/henkou2.pdf,2026-07-10
中峰黒川線,大鹿村,H27-H31第2回変更,林道改良事業,林道改良事業（改良）,H27～H29,90892,なし,1,https://www.pref.nagano.lg.jp/ringyo/documents/henkou2.pdf,2026-07-10
押の沢線,飯田市,H27-H31第2回変更,林道改良事業,林道改良事業（改良）,H27,18500,なし,1,https://www.pref.nagano.lg.jp/ringyo/documents/henkou2.pdf,2026-07-10
鳥倉線,大鹿村,H27-H31第2回変更,林道改良事業,林道改良事業（改良）,H27～H31,112520,なし,1,https://www.pref.nagano.lg.jp/ringyo/documents/henkou2.pdf,2026-07-10
釜沢線,大鹿村,H27-H31第2回変更,林道改良事業,林道改良事業（改良）,H27,10100,なし,1,https://www.pref.nagano.lg.jp/ringyo/documents/henkou2.pdf,2026-07-10
虫川新野峠線,天龍村,H27-H31第2回変更,林道改良事業,林道改良事業（改良）,H27～H28,23000,なし,2,https://www.pref.nagano.lg.jp/ringyo/documents/henkou2.pdf,2026-07-10
虫川新野峠線,木曽町,H27-H31第2回変更,林道改良事業,林道改良事業（舗装）,H27～H31,119000,なし,2,https://www.pref.nagano.lg.jp/ringyo/documents/henkou2.pdf,2026-07-10
熊沢幸沢線,木祖村,H27-H31第2回変更,林道改良事業,林道改良事業（改良）,H28～H29,29600,なし,2,https://www.pref.nagano.lg.jp/ringyo/documents/henkou2.pdf,2026-07-10
塩沢線,木曽町,H27-H31第2回変更,林道改良事業,林道改良事業（舗装）,H27～H29,38000,なし,2,https://www.pref.nagano.lg.jp/ringyo/documents/henkou2.pdf,2026-07-10
栗の木線,松本市,H27-H31第2回変更,育成林整備事業,育成林整備事業（林道開設）,H27～H28,38700,なし,2,https://www.pref.nagano.lg.jp/ringyo/documents/henkou2.pdf,2026-07-10
高遠線,松本市,H27-H31第2回変更,育成林整備事業,育成林整備事業（林道開設）,H27～H31,85340,なし,2,https://www.pref.nagano.lg.jp/ringyo/documents/henkou2.pdf,2026-07-10
美ヶ原線,松本市,H27-H31第2回変更,林道改良事業,林道改良事業（改良）,H27～H31,109200,なし,2,https://www.pref.nagano.lg.jp/ringyo/documents/henkou2.pdf,2026-07-10
奈川安曇線,松本市,H27-H31第2回変更,林道改良事業,林道改良事業（改良）,H27～H31,320900,なし,2,https://www.pref.nagano.lg.jp/ringyo/documents/henkou2.pdf,2026-07-10
湯ノ原線,松本市,H27-H31第2回変更,林道改良事業,林道改良事業（改良）,H27～H30,44050,なし,2,https://www.pref.nagano.lg.jp/ringyo/documents/henkou2.pdf,2026-07-10
片丘南部線,塩尻市,H27-H31第2回変更,育成林整備事業,育成林整備事業（林道開設）,H27,38500,なし,2,https://www.pref.nagano.lg.jp/ringyo/documents/henkou2.pdf,2026-07-10
雲根線,生坂村,H27-H31第2回変更,林道改良事業,林道改良事業（改良）,H27,12700,なし,2,https://www.pref.nagano.lg.jp/ringyo/documents/henkou2.pdf,2026-07-10
中俣線,朝日村,H27-H31第2回変更,林道改良事業,林道改良事業（改良）,H29,12600,なし,2,https://www.pref.nagano.lg.jp/ringyo/documents/henkou2.pdf,2026-07-10
樫俣線,朝日村,H27-H31第2回変更,林道改良事業,林道改良事業（改良）,H29,13800,なし,2,https://www.pref.nagano.lg.jp/ringyo/documents/henkou2.pdf,2026-07-10
大川線,長野市,H27-H31第2回変更,林道改良事業,林道改良事業（橋梁改良）,H29,26600,なし,2,https://www.pref.nagano.lg.jp/ringyo/documents/henkou2.pdf,2026-07-10
宮坂線,長野市,H27-H31第2回変更,育成林整備事業,育成林整備事業（林道開設）,H27,23100,なし,2,https://www.pref.nagano.lg.jp/ringyo/documents/henkou2.pdf,2026-07-10
佐野山線,千曲市,H27-H31第2回変更,林道改良事業,林道改良事業（舗装）,H27,3100,なし,2,https://www.pref.nagano.lg.jp/ringyo/documents/henkou2.pdf,2026-07-10
中原入線,千曲市,H27-H31第2回変更,林道改良事業,林道改良事業（舗装）,H27～H30,31000,なし,2,https://www.pref.nagano.lg.jp/ringyo/documents/henkou2.pdf,2026-07-10
清水平線,木島平村,H27-H31第2回変更,林道改良事業,林道改良事業（改良）,H27～H31,48300,なし,2,https://www.pref.nagano.lg.jp/ringyo/documents/henkou2.pdf,2026-07-10
秋山線,栄村,H27-H31第2回変更,林道改良事業,林道改良事業（改良）,H27～H31,137300,なし,2,https://www.pref.nagano.lg.jp/ringyo/documents/henkou2.pdf,2026-07-10
一ノ沢線,安曇野市,H27-H31第2回変更,林道改良事業,林道改良事業（改良）,H28～H29,21300,なし,2,https://www.pref.nagano.lg.jp/ringyo/documents/henkou2.pdf,2026-07-10
烏川線,安曇野市,H27-H31第2回変更,林道改良事業,林道改良事業（改良）,H28～H30,93900,なし,2,https://www.pref.nagano.lg.jp/ringyo/documents/henkou2.pdf,2026-07-10
田口十石峠線,佐久穂町,R2-R6,育成林整備事業,育成林整備事業（林道開設）,R2～R5,100000,なし,2,https://www.pref.nagano.lg.jp/ringyo/documents/nousangyosonchikiseibikeikakur2~r6.pdf,2026-07-10
横河山線,岡谷市,R2-R6,林道改良事業,林道改良事業（改良）,R2,103800,なし,2,https://www.pref.nagano.lg.jp/ringyo/documents/nousangyosonchikiseibikeikakur2~r6.pdf,2026-07-10
砥沢線,下諏訪町,R2-R6,林道改良事業,林道改良事業（改良）,R2,23600,なし,2,https://www.pref.nagano.lg.jp/ringyo/documents/nousangyosonchikiseibikeikakur2~r6.pdf,2026-07-10
南アルプス線,伊那市,R2-R6,林道改良事業,林道改良事業（改良）,R2～R6,152100,なし,2,https://www.pref.nagano.lg.jp/ringyo/documents/nousangyosonchikiseibikeikakur2~r6.pdf,2026-07-10
日影入線,箕輪町,R2-R6,林道改良事業,林道改良事業（改良）,R2～R6,40400,なし,2,https://www.pref.nagano.lg.jp/ringyo/documents/nousangyosonchikiseibikeikakur2~r6.pdf,2026-07-10
千代田湖枯木線,伊那市,R2-R6,林道改良事業,林道改良事業（改良）,R2～R4,42900,なし,2,https://www.pref.nagano.lg.jp/ringyo/documents/nousangyosonchikiseibikeikakur2~r6.pdf,2026-07-10
古城線,駒ヶ根市,R2-R6,林道改良事業,林道改良事業（改良）,R2～R6,77200,なし,2,https://www.pref.nagano.lg.jp/ringyo/documents/nousangyosonchikiseibikeikakur2~r6.pdf,2026-07-10
宮ノ沢線,飯島町,R2-R6,林道改良事業,林道改良事業（改良）,R2～R3,9900,なし,2,https://www.pref.nagano.lg.jp/ringyo/documents/nousangyosonchikiseibikeikakur2~r6.pdf,2026-07-10
辰巳ヶ沢入線,飯島町,R2-R6,林道改良事業,林道改良事業（舗装）,R2～R4,23800,なし,2,https://www.pref.nagano.lg.jp/ringyo/documents/nousangyosonchikiseibikeikakur2~r6.pdf,2026-07-10
不動滝線,高森町,R2-R6,林道改良事業,林道改良事業（改良）,R2～R4,51040,なし,2,https://www.pref.nagano.lg.jp/ringyo/documents/nousangyosonchikiseibikeikakur2~r6.pdf,2026-07-10
二又沢線,高森町,R2-R6,林道改良事業,林道改良事業（改良）,R5,10100,なし,2,https://www.pref.nagano.lg.jp/ringyo/documents/nousangyosonchikiseibikeikakur2~r6.pdf,2026-07-10
売木うつぼ線,阿南町,R2-R6,林道改良事業,林道改良事業（改良）,R3,25000,なし,2,https://www.pref.nagano.lg.jp/ringyo/documents/nousangyosonchikiseibikeikakur2~r6.pdf,2026-07-10
大久那線,阿南町,R2-R6,林道改良事業,林道改良事業（改良）,R4,25000,なし,2,https://www.pref.nagano.lg.jp/ringyo/documents/nousangyosonchikiseibikeikakur2~r6.pdf,2026-07-10
門原線,阿南町,R2-R6,林道改良事業,林道改良事業（改良）,R2,23320,なし,2,https://www.pref.nagano.lg.jp/ringyo/documents/nousangyosonchikiseibikeikakur2~r6.pdf,2026-07-10
本洞線,根羽村,R2-R6,林道改良事業,林道改良事業（改良）,R2,23100,なし,2,https://www.pref.nagano.lg.jp/ringyo/documents/nousangyosonchikiseibikeikakur2~r6.pdf,2026-07-10
本洞線,根羽村,R2-R6,林道改良事業,林道改良事業（舗装）,R2～R6,119100,なし,2,https://www.pref.nagano.lg.jp/ringyo/documents/nousangyosonchikiseibikeikakur2~r6.pdf,2026-07-10
虫川新野峠線,天龍村,R2-R6,林道改良事業,林道改良事業（舗装）,R2～R6,149680,なし,2,https://www.pref.nagano.lg.jp/ringyo/documents/nousangyosonchikiseibikeikakur2~r6.pdf,2026-07-10
大恵曽線,泰阜村,R2-R6,林道改良事業,林道改良事業（改良）,R2,10100,なし,2,https://www.pref.nagano.lg.jp/ringyo/documents/nousangyosonchikiseibikeikakur2~r6.pdf,2026-07-10
川端線,泰阜村,R2-R6,林道改良事業,林道改良事業（改良）,R3～R6,40400,なし,2,https://www.pref.nagano.lg.jp/ringyo/documents/nousangyosonchikiseibikeikakur2~r6.pdf,2026-07-10
美ヶ原線,松本市,R2-R6,林道改良事業,林道改良事業（改良）,R2～R6,161100,なし,2,https://www.pref.nagano.lg.jp/ringyo/documents/nousangyosonchikiseibikeikakur2~r6.pdf,2026-07-10
宮ノ入線,松本市,R2-R6,林道改良事業,林道改良事業（改良）,R2～R6,107600,なし,2,https://www.pref.nagano.lg.jp/ringyo/documents/nousangyosonchikiseibikeikakur2~r6.pdf,2026-07-10
奈川安曇線,松本市,R2-R6,林道改良事業,林道改良事業（改良）,R2～R6,241340,なし,2,https://www.pref.nagano.lg.jp/ringyo/documents/nousangyosonchikiseibikeikakur2~r6.pdf,2026-07-10
片丘線,塩尻市,R2-R6,林道改良事業,林道改良事業（改良）,R2～R4,72600,なし,2,https://www.pref.nagano.lg.jp/ringyo/documents/nousangyosonchikiseibikeikakur2~r6.pdf,2026-07-10
烏川線,安曇野市,R2-R6,林道改良事業,林道改良事業（改良）,R2,17200,なし,2,https://www.pref.nagano.lg.jp/ringyo/documents/nousangyosonchikiseibikeikakur2~r6.pdf,2026-07-10
氷室線,筑北村,R2-R6,林道改良事業,林道改良事業（改良）,R2,14400,なし,2,https://www.pref.nagano.lg.jp/ringyo/documents/nousangyosonchikiseibikeikakur2~r6.pdf,2026-07-10
矢崎線,中野市,R2-R6,林道改良事業,林道改良事業（改良）,R2～R3,31800,なし,2,https://www.pref.nagano.lg.jp/ringyo/documents/nousangyosonchikiseibikeikakur2~r6.pdf,2026-07-10
金倉竜王線,山ノ内町,R2-R6,林道改良事業,林道改良事業（改良）,R2,10600,なし,2,https://www.pref.nagano.lg.jp/ringyo/documents/nousangyosonchikiseibikeikakur2~r6.pdf,2026-07-10
清水平線,木島平村,R2-R6,林道改良事業,林道改良事業（改良）,R2～R6,49000,なし,2,https://www.pref.nagano.lg.jp/ringyo/documents/nousangyosonchikiseibikeikakur2~r6.pdf,2026-07-10
秋山線,栄村,R2-R6,林道改良事業,林道改良事業（改良）,R2～R6,31300,なし,2,https://www.pref.nagano.lg.jp/ringyo/documents/nousangyosonchikiseibikeikakur2~r6.pdf,2026-07-10
田口十石峠線,佐久穂町,R2-R6第2回変更,フォレスト・コミュニティ総合整備事業,フォレスト・コミュニティ総合整備事業（林道開設）,R2～R5,169500,なし,3,https://www.pref.nagano.lg.jp/ringyo/documents/2022_01keikaku.pdf,2026-07-10
鹿曲川線,佐久市,R2-R6第2回変更,林道改良事業,林道改良事業（改良）,R3,10600,なし,3,https://www.pref.nagano.lg.jp/ringyo/documents/2022_01keikaku.pdf,2026-07-10
山口沢線,佐久市,R2-R6第2回変更,林道改良事業,林道改良事業（改良）,R4,16000,なし,3,https://www.pref.nagano.lg.jp/ringyo/documents/2022_01keikaku.pdf,2026-07-10
八ヶ岳線,小海町,R2-R6第2回変更,林道改良事業,林道改良事業（改良）,R4～R6,64200,なし,3,https://www.pref.nagano.lg.jp/ringyo/documents/2022_01keikaku.pdf,2026-07-10
横河山線,岡谷市,R2-R6第2回変更,林道改良事業,林道改良事業（改良）,R2,105100,なし,3,https://www.pref.nagano.lg.jp/ringyo/documents/2022_01keikaku.pdf,2026-07-10
砥沢線,下諏訪町,R2-R6第2回変更,林道改良事業,林道改良事業（改良）,R2,23600,なし,3,https://www.pref.nagano.lg.jp/ringyo/documents/2022_01keikaku.pdf,2026-07-10
南アルプス線,伊那市,R2-R6第2回変更,林道改良事業,林道改良事業（改良）,R2～R6,120000,なし,3,https://www.pref.nagano.lg.jp/ringyo/documents/2022_01keikaku.pdf,2026-07-10
日影入線,箕輪町,R2-R6第2回変更,林道改良事業,林道改良事業（改良）,R2～R6,50500,なし,3,https://www.pref.nagano.lg.jp/ringyo/documents/2022_01keikaku.pdf,2026-07-10
千代田湖枯木線,伊那市,R2-R6第2回変更,林道改良事業,林道改良事業（改良）,R2～R5,42900,なし,3,https://www.pref.nagano.lg.jp/ringyo/documents/2022_01keikaku.pdf,2026-07-10
古城線,駒ヶ根市,R2-R6第2回変更,林道改良事業,林道改良事業（改良）,R5～R6,19300,なし,3,https://www.pref.nagano.lg.jp/ringyo/documents/2022_01keikaku.pdf,2026-07-10
宮ノ沢線,飯島町,R2-R6第2回変更,林道改良事業,林道改良事業（改良）,R6,39900,なし,3,https://www.pref.nagano.lg.jp/ringyo/documents/2022_01keikaku.pdf,2026-07-10
辰巳ヶ沢入線,飯島町,R2-R6第2回変更,林道改良事業,林道改良事業（舗装）,,0,なし,3,https://www.pref.nagano.lg.jp/ringyo/documents/2022_01keikaku.pdf,2026-07-10
不動滝線,高森町,R2-R6第2回変更,林道改良事業,林道改良事業（改良）,R2～R3,43100,なし,3,https://www.pref.nagano.lg.jp/ringyo/documents/2022_01keikaku.pdf,2026-07-10
二又沢線,高森町,R2-R6第2回変更,林道改良事業,林道改良事業（改良）,,0,なし,3,https://www.pref.nagano.lg.jp/ringyo/documents/2022_01keikaku.pdf,2026-07-10
売木うつぼ線,阿南町,R2-R6第2回変更,林道改良事業,林道改良事業（改良）,,0,なし,3,https://www.pref.nagano.lg.jp/ringyo/documents/2022_01keikaku.pdf,2026-07-10
大久那線,阿南町,R2-R6第2回変更,林道改良事業,林道改良事業（改良）,,0,なし,3,https://www.pref.nagano.lg.jp/ringyo/documents/2022_01keikaku.pdf,2026-07-10
門原線,阿南町,R2-R6第2回変更,林道改良事業,林道改良事業（改良）,,0,なし,3,https://www.pref.nagano.lg.jp/ringyo/documents/2022_01keikaku.pdf,2026-07-10
本洞線,根羽村,R2-R6第2回変更,林道改良事業,林道改良事業（改良）,R2,23600,なし,3,https://www.pref.nagano.lg.jp/ringyo/documents/2022_01keikaku.pdf,2026-07-10
本洞線,根羽村,R2-R6第2回変更,林道改良事業,林道改良事業（舗装）,,0,なし,3,https://www.pref.nagano.lg.jp/ringyo/documents/2022_01keikaku.pdf,2026-07-10
虫川新野峠線,天龍村,R2-R6第2回変更,林道改良事業,林道改良事業（舗装）,R2,29800,なし,3,https://www.pref.nagano.lg.jp/ringyo/documents/2022_01keikaku.pdf,2026-07-10
大恵曽線,泰阜村,R2-R6第2回変更,林道改良事業,林道改良事業（改良）,,0,なし,3,https://www.pref.nagano.lg.jp/ringyo/documents/2022_01keikaku.pdf,2026-07-10
川端線,泰阜村,R2-R6第2回変更,林道改良事業,林道改良事業（改良）,R5～R6,30300,なし,3,https://www.pref.nagano.lg.jp/ringyo/documents/2022_01keikaku.pdf,2026-07-10
赤石線,飯田市,R2-R6第2回変更,林道改良事業,林道改良事業（改良）,R4,11700,なし,3,https://www.pref.nagano.lg.jp/ringyo/documents/2022_01keikaku.pdf,2026-07-10
御池山線,飯田井,R2-R6第2回変更,林道改良事業,林道改良事業（改良）,R4,11700,なし,3,https://www.pref.nagano.lg.jp/ringyo/documents/2022_01keikaku.pdf,2026-07-10
弓の又線,阿智村,R2-R6第2回変更,林道改良事業,林道改良事業（改良）,R4,35100,なし,3,https://www.pref.nagano.lg.jp/ringyo/documents/2022_01keikaku.pdf,2026-07-10
野尻与川線,大桑村,R2-R6第2回変更,林道改良事業,林道改良事業（改良）,R3～R4,143500,なし,3,https://www.pref.nagano.lg.jp/ringyo/documents/2022_01keikaku.pdf,2026-07-10
美ヶ原線,松本市,R2-R6第2回変更,林道改良事業,林道改良事業（改良）,R2～R6,159400,なし,3,https://www.pref.nagano.lg.jp/ringyo/documents/2022_01keikaku.pdf,2026-07-10
宮ノ入線,松本市,R2-R6第2回変更,林道改良事業,林道改良事業（改良）,R2～R6,107600,なし,3,https://www.pref.nagano.lg.jp/ringyo/documents/2022_01keikaku.pdf,2026-07-10
奈川安曇線,松本市,R2-R6第2回変更,林道改良事業,林道改良事業（改良）,R2～R6,241300,なし,3,https://www.pref.nagano.lg.jp/ringyo/documents/2022_01keikaku.pdf,2026-07-10
片丘線,塩尻市,R2-R6第2回変更,林道改良事業,林道改良事業（改良）,,0,なし,3,https://www.pref.nagano.lg.jp/ringyo/documents/2022_01keikaku.pdf,2026-07-10
烏川線,安曇野市,R2-R6第2回変更,林道改良事業,林道改良事業（改良）,R2～R5,71300,なし,3,https://www.pref.nagano.lg.jp/ringyo/documents/2022_01keikaku.pdf,2026-07-10
氷室線,筑北村,R2-R6第2回変更,林道改良事業,林道改良事業（改良）,R2,15525,なし,3,https://www.pref.nagano.lg.jp/ringyo/documents/2022_01keikaku.pdf,2026-07-10
大川線,長野市,R2-R6第2回変更,林道改良事業,林道改良事業（改良）,R3～R6,108000,なし,3,https://www.pref.nagano.lg.jp/ringyo/documents/2022_01keikaku.pdf,2026-07-10
米子不動線,須坂市,R2-R6第2回変更,林道改良事業,林道改良事業（改良）,R4,61200,なし,3,https://www.pref.nagano.lg.jp/ringyo/documents/2022_01keikaku.pdf,2026-07-10
矢崎線,中野市,R2-R6第2回変更,林道改良事業,林道改良事業（改良）,R2,13400,なし,4,https://www.pref.nagano.lg.jp/ringyo/documents/2022_01keikaku.pdf,2026-07-10
金倉竜王線,山ノ内町,R2-R6第2回変更,林道改良事業,林道改良事業（改良）,R2,13642,なし,4,https://www.pref.nagano.lg.jp/ringyo/documents/2022_01keikaku.pdf,2026-07-10
清水平線,木島平村,R2-R6第2回変更,林道改良事業,林道改良事業（改良）,R2～R6,59700,なし,4,https://www.pref.nagano.lg.jp/ringyo/documents/2022_01keikaku.pdf,2026-07-10
秋山線,栄村,R2-R6第2回変更,林道改良事業,林道改良事業（改良）,R2,32600,なし,4,https://www.pref.nagano.lg.jp/ringyo/documents/2022_01keikaku.pdf,2026-07-10
妙義荒船線,佐久市,R7-R11,林道改良事業,林道改良事業（改良L103=ｍ）,R7～R7,57000,なし,2,https://www.pref.nagano.lg.jp/ringyo/documents/sinkeikaku2025.pdf,2026-07-10
九竜平線,佐久市,R7-R11,林道改良事業,林道改良事業（改良L=50ｍ）,R7～R8,95910,なし,2,https://www.pref.nagano.lg.jp/ringyo/documents/sinkeikaku2025.pdf,2026-07-10
大上線,佐久穂町,R7-R11,林道改良事業,林道改良事業（改良L=20ｍ）,R7～R7,19160,なし,2,https://www.pref.nagano.lg.jp/ringyo/documents/sinkeikaku2025.pdf,2026-07-10
八ヶ岳線,南牧村,R7-R11,林道改良事業,林道改良事業（改良L=150ｍ）,R7～R10,121340,なし,2,https://www.pref.nagano.lg.jp/ringyo/documents/sinkeikaku2025.pdf,2026-07-10
山木1号線,北相木村,R7-R11,林道改良事業,林道改良事業（改良L=32ｍ）,R7～R7,22800,なし,2,https://www.pref.nagano.lg.jp/ringyo/documents/sinkeikaku2025.pdf,2026-07-10
森泉山線,御代田町,R7-R11,林道改良事業,林道改良事業（改良L=20ｍ）,R7～R7,22230,なし,2,https://www.pref.nagano.lg.jp/ringyo/documents/sinkeikaku2025.pdf,2026-07-10
日影入線,伊那市,R7-R11,林道改良事業,林道改良事業（改良L=32ｍ）,R7～R10,41920,なし,2,https://www.pref.nagano.lg.jp/ringyo/documents/sinkeikaku2025.pdf,2026-07-10
南アルプス線,伊那市,R7-R11,林道改良事業,林道改良事業（改良L=151ｍ）,R7～R11,145620,なし,2,https://www.pref.nagano.lg.jp/ringyo/documents/sinkeikaku2025.pdf,2026-07-10
古城線,駒ヶ根市,R7-R11,林道改良事業,林道改良事業（改良L=150ｍ）,R7～R11,95800,なし,2,https://www.pref.nagano.lg.jp/ringyo/documents/sinkeikaku2025.pdf,2026-07-10
横根山線,飯島町,R7-R11,林道改良事業,林道改良事業（改良L=115ｍ）,R7～R10,80500,なし,2,https://www.pref.nagano.lg.jp/ringyo/documents/sinkeikaku2025.pdf,2026-07-10
東沢線,飯田市,R7-R11,林道改良事業,林道改良事業（舗装L=1330ｍ）,R8～R11,72300,なし,2,https://www.pref.nagano.lg.jp/ringyo/documents/sinkeikaku2025.pdf,2026-07-10
東沢線,飯田市,R7-R11,林道改良事業,林道改良事業（改良L=12ｍ）,R8～R9,14120,なし,2,https://www.pref.nagano.lg.jp/ringyo/documents/sinkeikaku2025.pdf,2026-07-10
御池山線,飯田市,R7-R11,林道改良事業,林道改良事業（改良L=60ｍ）,R10～R11,45600,なし,2,https://www.pref.nagano.lg.jp/ringyo/documents/sinkeikaku2025.pdf,2026-07-10
大谷霧ヶ原線,阿智村,R7-R11,林道改良事業,"林道改良事業（改良L=2,100ｍ）",R8～R11,95760,なし,2,https://www.pref.nagano.lg.jp/ringyo/documents/sinkeikaku2025.pdf,2026-07-10
本谷線,豊丘村,R7-R11,林道改良事業,林道改良事業（改良L=64ｍ）,R7～R8,37620,なし,2,https://www.pref.nagano.lg.jp/ringyo/documents/sinkeikaku2025.pdf,2026-07-10
本洞線,木曽町,R7-R11,林道改良事業,林道改良事業（改良L=83ｍ）,R7～R7,44711,なし,2,https://www.pref.nagano.lg.jp/ringyo/documents/sinkeikaku2025.pdf,2026-07-10
樽沢線,王滝村,R7-R11,林道改良事業,林道改良事業（改良L=12ｍ）,R7～R7,27360,なし,2,https://www.pref.nagano.lg.jp/ringyo/documents/sinkeikaku2025.pdf,2026-07-10
野尻与川線,大桑村,R7-R11,林道改良事業,林道改良事業（改良L=5ｍ）,R7～R7,19160,なし,2,https://www.pref.nagano.lg.jp/ringyo/documents/sinkeikaku2025.pdf,2026-07-10
宮ノ入線,松本市,R7-R11,林道改良事業,林道改良事業（改良L=545ｍ）,R7～R11,120860,なし,2,https://www.pref.nagano.lg.jp/ringyo/documents/sinkeikaku2025.pdf,2026-07-10
烏川線,安曇野市,R7-R11,林道改良事業,林道改良事業（改良L=33ｍ）,R7～R7,17417,なし,2,https://www.pref.nagano.lg.jp/ringyo/documents/sinkeikaku2025.pdf,2026-07-10
長峰線,安曇野市,R7-R11,林道改良事業,林道改良事業（改良L=120ｍ）,R8～R11,82080,なし,2,https://www.pref.nagano.lg.jp/ringyo/documents/sinkeikaku2025.pdf,2026-07-10
樫俣線,朝日村,R7-R11,林道改良事業,林道改良事業（改良L=129ｍ）,R7～R9,96584,なし,2,https://www.pref.nagano.lg.jp/ringyo/documents/sinkeikaku2025.pdf,2026-07-10
大川線,長野市,R7-R11,林道改良事業,林道改良事業（改良L=380ｍ）,R7～R11,107380,なし,2,https://www.pref.nagano.lg.jp/ringyo/documents/sinkeikaku2025.pdf,2026-07-10
中津川線,山ノ内町,R7-R11,林道改良事業,林道改良事業（改良L=8ｍ）,R7～R8,19210,なし,2,https://www.pref.nagano.lg.jp/ringyo/documents/sinkeikaku2025.pdf,2026-07-10
城山線,佐久市,R7-R11,林道点検診断・保全整備事業,点検診断・保全整備（点検診断L=63m）,R7～R7,2500,なし,2,https://www.pref.nagano.lg.jp/ringyo/documents/sinkeikaku2025.pdf,2026-07-10
虚空蔵線,上田市,R7-R11,林道点検診断・保全整備事業,点検診断・保全整備（保全整備L=6m）,R7～R7,5280,なし,2,https://www.pref.nagano.lg.jp/ringyo/documents/sinkeikaku2025.pdf,2026-07-10
氷沢線,上田市,R7-R11,林道点検診断・保全整備事業,点検診断・保全整備（保全整備L=14m）,R8～R8,5940,なし,2,https://www.pref.nagano.lg.jp/ringyo/documents/sinkeikaku2025.pdf,2026-07-10
和田武石線,上田市,R7-R11,林道点検診断・保全整備事業,点検診断・保全整備（保全整備L=5m）,R9～R9,2420,なし,2,https://www.pref.nagano.lg.jp/ringyo/documents/sinkeikaku2025.pdf,2026-07-10
沢山線,上田市,R7-R11,林道点検診断・保全整備事業,点検診断・保全整備（点検診断L=27m）,R9～R9,1210,なし,2,https://www.pref.nagano.lg.jp/ringyo/documents/sinkeikaku2025.pdf,2026-07-10
沢山線,上田市,R7-R11,林道点検診断・保全整備事業,点検診断・保全整備（点検診断L=82m）,R10～R10,3960,あり,2,https://www.pref.nagano.lg.jp/ringyo/documents/sinkeikaku2025.pdf,2026-07-10
横河山線,岡谷市,R7-R11,林道点検診断・保全整備事業,点検診断・保全整備（点検診断L=63m）,R7～R7,3292,あり,3,https://www.pref.nagano.lg.jp/ringyo/documents/sinkeikaku2025.pdf,2026-07-10
小横川線,辰野町,R7-R11,林道点検診断・保全整備事業,点検診断・保全整備（点検診断L=39m）,R7～R7,3860,あり,3,https://www.pref.nagano.lg.jp/ringyo/documents/sinkeikaku2025.pdf,2026-07-10
中樽線,箕輪町,R7-R11,林道点検診断・保全整備事業,点検診断・保全整備（点検診断L=165m）,R7～R7,7740,あり,3,https://www.pref.nagano.lg.jp/ringyo/documents/sinkeikaku2025.pdf,2026-07-10
野底山線,飯田市,R7-R11,林道点検診断・保全整備事業,点検診断・保全整備（保全整備L=13m）,R8～R9,14790,なし,3,https://www.pref.nagano.lg.jp/ringyo/documents/sinkeikaku2025.pdf,2026-07-10
野底山線,飯田市,R7-R11,林道点検診断・保全整備事業,点検診断・保全整備（点検診断L=557m）,R7～R7,13460,あり,3,https://www.pref.nagano.lg.jp/ringyo/documents/sinkeikaku2025.pdf,2026-07-10
鳩打線,飯田市,R7-R11,林道点検診断・保全整備事業,点検診断・保全整備（点検診断L=360m）,R8～R8,3400,あり,3,https://www.pref.nagano.lg.jp/ringyo/documents/sinkeikaku2025.pdf,2026-07-10
千遠線,飯田市,R7-R11,林道点検診断・保全整備事業,点検診断・保全整備（点検診断L=350m）,R9～R9,3400,なし,3,https://www.pref.nagano.lg.jp/ringyo/documents/sinkeikaku2025.pdf,2026-07-10
松川入線,飯田市,R7-R11,林道点検診断・保全整備事業,点検診断・保全整備（点検診断L=463m）,R10～R10,15500,あり,3,https://www.pref.nagano.lg.jp/ringyo/documents/sinkeikaku2025.pdf,2026-07-10
赤石線,飯田市,R7-R11,林道点検診断・保全整備事業,点検診断・保全整備（点検診断L=570m）,R11～R11,12760,あり,3,https://www.pref.nagano.lg.jp/ringyo/documents/sinkeikaku2025.pdf,2026-07-10
畑の沢線,飯田市,R7-R11,林道点検診断・保全整備事業,点検診断・保全整備（保全整備L=6m）,R10～R11,6155,あり,3,https://www.pref.nagano.lg.jp/ringyo/documents/sinkeikaku2025.pdf,2026-07-10
間沢川線,松川町,R7-R11,林道点検診断・保全整備事業,点検診断・保全整備（点検診断L=26m）,R7～R7,2808,あり,3,https://www.pref.nagano.lg.jp/ringyo/documents/sinkeikaku2025.pdf,2026-07-10
松川線,松川町,R7-R11,林道点検診断・保全整備事業,点検診断・保全整備（点検診断L=335m）,R11～R11,9100,あり,3,https://www.pref.nagano.lg.jp/ringyo/documents/sinkeikaku2025.pdf,2026-07-10
弓矢沢線,高森町,R7-R11,林道点検診断・保全整備事業,点検診断・保全整備（点検診断L=92m）,R11～R11,3600,あり,3,https://www.pref.nagano.lg.jp/ringyo/documents/sinkeikaku2025.pdf,2026-07-10
忍沢線,阿智村,R7-R11,林道点検診断・保全整備事業,点検診断・保全整備（点検診断L=76m）,R7～R7,4080,あり,3,https://www.pref.nagano.lg.jp/ringyo/documents/sinkeikaku2025.pdf,2026-07-10
弓の又線,阿智村,R7-R11,林道点検診断・保全整備事業,点検診断・保全整備（点検診断L=336m）,R10～R10,6120,あり,3,https://www.pref.nagano.lg.jp/ringyo/documents/sinkeikaku2025.pdf,2026-07-10
鳥城線,阿智村,R7-R11,林道点検診断・保全整備事業,点検診断・保全整備（点検診断L=141m）,R11～R11,4540,あり,3,https://www.pref.nagano.lg.jp/ringyo/documents/sinkeikaku2025.pdf,2026-07-10
小河内川線,天龍村,R7-R11,林道点検診断・保全整備事業,点検診断・保全整備（点検診断L=463m）,R11～R11,5220,あり,3,https://www.pref.nagano.lg.jp/ringyo/documents/sinkeikaku2025.pdf,2026-07-10
万古川線,泰阜村,R7-R11,林道点検診断・保全整備事業,点検診断・保全整備（点検診断L=262m）,R11～R11,7300,あり,3,https://www.pref.nagano.lg.jp/ringyo/documents/sinkeikaku2025.pdf,2026-07-10
売木うつぼ線,阿南町,R7-R11,林道点検診断・保全整備事業,点検診断・保全整備（点検診断L=218m）,R7～R7,9120,あり,3,https://www.pref.nagano.lg.jp/ringyo/documents/sinkeikaku2025.pdf,2026-07-10
外山線,根羽村,R7-R11,林道点検診断・保全整備事業,点検診断・保全整備（点検診断L=214m）,R11～R11,9100,あり,3,https://www.pref.nagano.lg.jp/ringyo/documents/sinkeikaku2025.pdf,2026-07-10
極楽峠線,下條村,R7-R11,林道点検診断・保全整備事業,点検診断・保全整備（点検診断L=204m）,R7～R7,6580,あり,3,https://www.pref.nagano.lg.jp/ringyo/documents/sinkeikaku2025.pdf,2026-07-10
大島氏乗線,喬木村,R7-R11,林道点検診断・保全整備事業,点検診断・保全整備（点検診断L=236m）,R11～R11,7060,あり,3,https://www.pref.nagano.lg.jp/ringyo/documents/sinkeikaku2025.pdf,2026-07-10
間沢川線,豊丘村,R7-R11,林道点検診断・保全整備事業,点検診断・保全整備（点検診断L=50m）,R10～R10,2920,なし,3,https://www.pref.nagano.lg.jp/ringyo/documents/sinkeikaku2025.pdf,2026-07-10
大島虻川線,豊丘村,R7-R11,林道点検診断・保全整備事業,点検診断・保全整備（点検診断L=78m）,R10～R10,3400,なし,3,https://www.pref.nagano.lg.jp/ringyo/documents/sinkeikaku2025.pdf,2026-07-10
本谷線,豊丘村,R7-R11,林道点検診断・保全整備事業,点検診断・保全整備（点検診断L=59m）,R10～R10,3400,なし,3,https://www.pref.nagano.lg.jp/ringyo/documents/sinkeikaku2025.pdf,2026-07-10
郷士沢線,豊丘村,R7-R11,林道点検診断・保全整備事業,点検診断・保全整備（点検診断L=11m）,R10～R10,472,なし,3,https://www.pref.nagano.lg.jp/ringyo/documents/sinkeikaku2025.pdf,2026-07-10
間沢川線,豊丘村,R7-R11,林道点検診断・保全整備事業,点検診断・保全整備（保全整備L=13m）,R8～R9,1996,なし,3,https://www.pref.nagano.lg.jp/ringyo/documents/sinkeikaku2025.pdf,2026-07-10
大島虻川線,豊丘村,R7-R11,林道点検診断・保全整備事業,点検診断・保全整備（保全整備L=15m）,R8～R8,2500,なし,3,https://www.pref.nagano.lg.jp/ringyo/documents/sinkeikaku2025.pdf,2026-07-10
本谷線,豊丘村,R7-R11,林道点検診断・保全整備事業,点検診断・保全整備（保全整備L=31m）,R8～R8,5900,なし,3,https://www.pref.nagano.lg.jp/ringyo/documents/sinkeikaku2025.pdf,2026-07-10
鳥倉線,大鹿村,R7-R11,林道点検診断・保全整備事業,点検診断・保全整備（点検診断L=236m）,R11～R11,7740,あり,3,https://www.pref.nagano.lg.jp/ringyo/documents/sinkeikaku2025.pdf,2026-07-10
大畑線,上松町,R7-R11,林道点検診断・保全整備事業,点検診断・保全整備（保全整備L=18m）,R7～R7,8550,なし,3,https://www.pref.nagano.lg.jp/ringyo/documents/sinkeikaku2025.pdf,2026-07-10
大畑線,上松町,R7-R11,林道点検診断・保全整備事業,点検診断・保全整備（点検診断L=226m）,R7～R7,5900,あり,4,https://www.pref.nagano.lg.jp/ringyo/documents/sinkeikaku2025.pdf,2026-07-10
川向梛野線,南木曽町,R7-R11,林道点検診断・保全整備事業,点検診断・保全整備（点検診断L=745m）,R7～R7,6840,なし,4,https://www.pref.nagano.lg.jp/ringyo/documents/sinkeikaku2025.pdf,2026-07-10
長根線,南木曽町,R7-R11,林道点検診断・保全整備事業,点検診断・保全整備（点検診断L=160m）,R10～R10,5700,あり,4,https://www.pref.nagano.lg.jp/ringyo/documents/sinkeikaku2025.pdf,2026-07-10
川向梛野線,南木曽町,R7-R11,林道点検診断・保全整備事業,点検診断・保全整備（点検診断L=188m）,R11～R11,5700,なし,4,https://www.pref.nagano.lg.jp/ringyo/documents/sinkeikaku2025.pdf,2026-07-10
洞ノ沢線,木曽町,R7-R11,林道点検診断・保全整備事業,点検診断・保全整備（点検診断L=132m）,R7～R7,10240,あり,4,https://www.pref.nagano.lg.jp/ringyo/documents/sinkeikaku2025.pdf,2026-07-10
東又線,木曽町,R7-R11,林道点検診断・保全整備事業,点検診断・保全整備（保全整備L=5m）,R8～R8,3860,なし,4,https://www.pref.nagano.lg.jp/ringyo/documents/sinkeikaku2025.pdf,2026-07-10
大沢線,木曽町,R7-R11,林道点検診断・保全整備事業,点検診断・保全整備（保全整備L=6m）,R9～R9,6120,なし,4,https://www.pref.nagano.lg.jp/ringyo/documents/sinkeikaku2025.pdf,2026-07-10
熊澤幸沢線,木曽町,R7-R11,林道点検診断・保全整備事業,点検診断・保全整備（点検診断L=224m）,R10～R10,11400,あり,4,https://www.pref.nagano.lg.jp/ringyo/documents/sinkeikaku2025.pdf,2026-07-10
小曽部線,塩尻市,R7-R11,林道点検診断・保全整備事業,点検診断・保全整備（保全整備L=7m）,R7～R7,6840,なし,4,https://www.pref.nagano.lg.jp/ringyo/documents/sinkeikaku2025.pdf,2026-07-10
栃平線,筑北村,R7-R11,林道点検診断・保全整備事業,点検診断・保全整備（点検診断L=86m）,R7～R7,5700,あり,4,https://www.pref.nagano.lg.jp/ringyo/documents/sinkeikaku2025.pdf,2026-07-10
大川線,長野市,R7-R11,林道点検診断・保全整備事業,点検診断・保全整備（点検診断L=823m）,R7～R11,19260,なし,4,https://www.pref.nagano.lg.jp/ringyo/documents/sinkeikaku2025.pdf,2026-07-10
米子不動線,須坂市,R7-R11,林道点検診断・保全整備事業,点検診断・保全整備（保全整備L=13m）,R7～R7,3217,なし,4,https://www.pref.nagano.lg.jp/ringyo/documents/sinkeikaku2025.pdf,2026-07-10
上和桐山線,小川村,R7-R11,林道点検診断・保全整備事業,点検診断・保全整備（点検診断L=28m）,R7～R7,1327,あり,4,https://www.pref.nagano.lg.jp/ringyo/documents/sinkeikaku2025.pdf,2026-07-10
秋山線,栄村,R7-R11,林道点検診断・保全整備事業,点検診断・保全整備（点検診断L=93m）,R7～R7,2643,なし,4,https://www.pref.nagano.lg.jp/ringyo/documents/sinkeikaku2025.pdf,2026-07-10
